Time,TI3104_Meas - OP Value,TI3107_Meas - OP Value,TI3105_Meas - OP Value,TC3106_Meas - OP Value,TI3108_Meas - OP Value,TI3101_Meas - OP Value,PI3102_Meas - OP Value,PI3103_Meas - OP Value,FC3101_Meas - OP Value,FI3105_Meas - OP Value,FI3104_Meas - OP Value,FC3103_Meas - OP Value,FC3102_Meas - OP Value,LC3103_Meas - OP Value,LC3101_Meas - OP Value,QI3105 - PV,QI3104 - PV
40260,53.706,63.4804,69.3993,75.8336,97.6947,52.3161,16.8839,17.0705,15.4852,9.26825,6.13635,14.3424,2.57872,-0.1175,-0.157,96.5725,96.8754
40200,55.6679,63.4906,69.7251,76.2797,98.0554,52.3227,16.8437,17.0879,15.5314,9.44959,6.24385,14.0906,2.46945,0.20175,-0.5885,96.5725,96.8754
40140,53.5031,61.9395,69.7303,76.2646,98.053,51.4974,16.9574,17.0908,15.5201,9.20902,6.13364,14.6762,2.68594,-0.09025,0.52825,96.5725,96.8754
40080,53.8052,61.6281,68.861,75.077,97.0949,51.3314,16.9067,17.0444,15.4086,9.38061,6.1412,14.4418,2.58501,0.10675,0.092,97.2321,96.7269
40020,53.5646,62.1196,69.3124,75.6894,97.585,51.593,16.8965,17.0606,15.4945,9.2273,6.12413,14.4447,2.61988,-0.42775,0.039,97.2321,96.7269
39960,53.4824,61.3276,69.3044,75.7,97.5907,51.1601,16.8844,17.0526,15.5045,9.2607,6.13679,14.4197,2.59821,-0.3325,-0.00025,97.2321,96.7269
39900,53.8436,63.5948,69.6761,76.2928,98.078,52.3506,16.9315,17.0753,15.5025,9.20579,6.13667,14.6239,2.64792,-0.31875,0.3925,97.2321,96.7269
39840,55.06,62.7201,70.6157,77.5985,99.1348,51.8766,16.9335,17.1277,15.6388,9.30014,6.24308,14.5561,2.61307,-0.115001,0.30875,97.2321,96.7269
39780,55.2941,63.584,69.7955,76.4709,98.2204,52.3419,16.8694,17.0884,15.5491,9.26988,6.18521,14.2621,2.54139,-0.39225,-0.31325,96.6396,96.5685
39720,53.2529,63.9364,69.8237,76.5055,98.255,52.536,16.8845,17.1011,15.5388,9.30917,6.17507,14.2757,2.55502,0.06725,-0.28625,96.6396,96.5685
39660,52.4756,61.9744,68.3546,74.4304,96.577,51.5074,16.9121,17.032,15.3545,9.19095,6.02547,14.4464,2.6327,-0.33,0.02325,96.6396,96.5685
39600,53.6357,61.4175,69.874,76.4602,98.2029,51.2222,16.9225,17.107,15.5616,9.28383,6.1747,14.439,2.61405,0.02325,0.07225,96.6396,96.5685
39540,53.478,64.3275,69.6817,76.1371,97.9258,52.7913,16.8948,17.0894,15.505,9.31467,6.17496,14.3512,2.58523,0.0205,-0.10325,96.6396,96.5685
39480,54.3294,60.8707,70.2133,76.8351,98.4797,50.9524,16.9097,17.1083,15.6196,9.32155,6.227,14.4435,2.60293,-0.071,0.1095,96.724,96.4779
39420,53.9781,63.5505,69.4086,75.7397,97.6026,52.3763,16.9043,17.063,15.4822,9.22539,6.1367,14.4892,2.63627,-0.45775,0.14975,96.724,96.4779
39360,53.7399,64.0575,69.6622,76.1382,97.9242,52.6348,16.9227,17.0692,15.4875,9.29036,6.16606,14.5993,2.63561,-0.0375,0.38175,96.724,96.4779
39300,54.0123,62.5884,69.7752,76.3534,98.1146,51.8336,16.9344,17.0776,15.5229,9.19128,6.13366,14.6534,2.65865,-0.122,0.457,96.724,96.4779
39240,53.5349,61.7922,69.5672,76.1065,97.9315,51.3979,16.9234,17.0742,15.5137,9.2819,6.15771,14.5481,2.62858,-0.1755,0.27825,96.724,96.4779
39180,53.0355,63.6275,70.5351,77.4601,99.0176,52.3684,16.9038,17.1198,15.6415,9.31557,6.23726,14.4462,2.60011,-0.192,0.05725,97.0048,96.0747
39120,54.51,62.4972,68.7169,74.992,97.0463,51.7661,16.929,17.0426,15.3629,9.35724,6.12878,14.5147,2.59334,0.0485,0.25175,97.0048,96.0747
39060,54.4254,63.6122,68.7015,74.9446,97.005,52.3636,16.8821,17.0438,15.3835,9.20507,6.06961,14.3053,2.57086,-0.22875,-0.23175,97.0048,96.0747
39000,53.8643,62.0358,69.1212,75.5074,97.4462,51.5278,16.8996,17.0619,15.4444,9.34456,6.13761,14.3815,2.57253,0.2655,-0.0495,97.0048,96.0747
38940,53.825,61.4976,68.7101,74.9348,96.9891,51.2467,16.8854,17.0495,15.4095,9.34517,6.11592,14.2765,2.55649,-0.0195,-0.258,97.0048,96.0747
38880,53.6388,63.3818,69.2879,75.6679,97.558,52.2685,16.8946,17.0726,15.4591,9.30292,6.13847,14.3465,2.57757,0.0585,-0.1265,97.2642,96.0519
38820,54.4053,64.7415,69.8798,76.4343,98.1654,53.0045,16.8938,17.0983,15.5261,9.37398,6.2222,14.3325,2.56831,-0.0585,-0.1155,97.2642,96.0519
38760,54.0049,62.7736,68.9226,75.0982,97.0951,51.9587,16.9301,17.0527,15.3926,9.41797,6.16804,14.5136,2.61571,0.01375,0.27525,97.2642,96.0519
38700,53.6861,62.4961,69.6908,76.1303,97.9113,51.8127,16.8778,17.0783,15.5345,9.40398,6.24806,14.3197,2.56389,0.06975,-0.0745261,97.2642,96.0519
38640,55.0009,62.7761,70.2764,76.9752,98.5986,51.9488,16.8944,17.1053,15.5956,9.3836,6.24979,14.3948,2.5659,0.23825,0.01225,97.2642,96.0519
38580,54.5407,62.5262,68.5763,74.6872,96.7654,51.809,16.9238,17.0242,15.359,9.26522,6.09716,14.5734,2.63172,-0.50275,0.34175,96.8884,96.4811
38520,54.6402,62.981,69.7778,76.371,98.1227,52.043,16.8858,17.0851,15.5393,9.34251,6.21113,14.3418,2.55239,-0.267,-0.11425,96.8884,96.4811
38460,53.4745,62.8876,70.0672,76.7672,98.4491,51.9897,16.9038,17.105,15.575,9.30916,6.18719,14.4138,2.59521,0.18575,-0.007,96.8884,96.4811
38400,54.3673,60.8155,69.283,75.6923,97.5844,50.8923,16.893,17.0719,15.4993,9.34071,6.16871,14.3304,2.56258,-0.24825,-0.1415,96.8884,96.4811
38340,54.7958,63.3674,69.1294,75.4461,97.3913,52.2623,16.9165,17.0686,15.4319,9.24907,6.11805,14.4375,2.61184,-0.204,0.061,96.8884,96.4811
38280,54.5419,60.8881,69.091,75.3554,97.3037,50.9541,16.8878,17.0596,15.4687,9.32005,6.14236,14.3291,2.56756,-0.08225,-0.14475,97.1196,96.4287
38220,55.0459,63.1443,68.8301,74.9752,97.0028,52.1556,16.9005,17.0437,15.3752,9.44499,6.21459,14.3887,2.56036,0.30025,0.124737,97.1196,96.4287
38160,53.9034,62.8748,70.5897,77.3962,98.9349,52.0074,16.8937,17.1145,15.6346,9.40246,6.3035,14.4229,2.5641,0.53425,0.17794,97.1196,96.4287
38100,53.1976,61.5553,69.3805,75.7979,97.6735,51.2885,16.9106,17.0626,15.4775,9.3951,6.17318,14.4856,2.58686,0.33,0.19275,97.1196,96.4287
38040,53.7206,63.7026,68.931,75.2315,97.2212,52.422,16.87,17.0384,15.4013,9.38779,6.12845,14.3235,2.5394,0.46375,-0.1835,97.1196,96.4287
37980,54.6094,60.2494,69.244,75.7019,97.6148,50.5698,16.8845,17.0616,15.4977,9.33495,6.14013,14.3429,2.55536,0.0566524,-0.13825,97.1833,96.5517
37920,54.0639,62.3851,70.3699,77.2307,98.8454,51.7074,16.9056,17.1156,15.631,9.2941,6.20304,14.4394,2.60314,-0.0796645,0.044,97.1833,96.5517
37860,54.9159,61.7199,70.1944,76.9869,98.6372,51.3534,16.8596,17.1007,15.6335,9.26399,6.20248,14.2496,2.53739,-0.23475,-0.34175,97.1833,96.5517
37800,53.5444,62.4992,69.1096,75.5273,97.48,51.7621,16.9273,17.0577,15.4332,9.21683,6.07788,14.5596,2.63935,0.043665,0.26675,97.1833,96.5517
37740,54.1332,62.5328,69.3554,75.8769,97.7601,51.7805,16.9653,17.0738,15.4302,9.51207,6.20215,14.6673,2.62593,0.429367,0.5885,97.1833,96.5517
37680,53.7471,63.405,68.8982,75.22,97.2238,52.2544,16.9252,17.0516,15.397,9.16776,6.05869,14.5349,2.64135,-0.24225,0.206,97.0868,96.2123
37620,54.8839,63.4088,69.5608,76.101,97.9247,52.2623,16.9123,17.0829,15.4799,9.38708,6.20198,14.4176,2.57117,0.09375,0.06875,97.0868,96.2123
37560,54.0609,62.3616,68.6577,74.8606,96.9258,51.7095,16.9227,17.0423,15.3637,9.43329,6.14853,14.4676,2.58825,0.03125,0.16425,97.0868,96.2123
37500,54.5052,60.5832,70.4888,77.3091,98.8831,50.7673,16.8866,17.1263,15.6731,9.29005,6.21985,14.3095,2.57123,0.19675,-0.19175,97.0868,96.2123
37440,53.9352,61.7984,68.5482,74.6684,96.7551,51.4214,16.9309,17.0333,15.3582,9.32946,6.10498,14.5465,2.62342,-0.21775,0.295,97.0868,96.2123
37380,53.952,62.2694,69.5014,75.9498,97.793,51.6776,16.9125,17.0858,15.5018,9.31716,6.16836,14.4064,2.60006,-0.1525,0.019,96.753,96.423
37320,54.4593,62.8178,70.9745,77.9057,99.3462,51.9778,16.858,17.1452,15.7245,9.41331,6.33917,14.1659,2.52026,0.077,-0.39566,96.753,96.423
37260,54.403,61.6416,70.4647,77.2226,98.7895,51.3478,16.8963,17.1136,15.6215,9.57845,6.34567,14.3708,2.52677,0.61625,0.0576483,96.753,96.423
37200,54.789,62.8981,69.7582,76.2951,98.0564,52.0118,16.8908,17.0842,15.5168,9.43588,6.22242,14.3589,2.54706,0.409,-0.0565,96.753,96.423
37140,53.4408,61.1018,69.2668,75.622,97.5198,51.0501,16.8855,17.0603,15.4952,9.35282,6.16026,14.356,2.57614,-0.09775,-0.0895,96.753,96.423
37080,53.9257,63.0169,69.2768,75.6727,97.5627,52.0636,16.9582,17.0619,15.4135,9.43811,6.19139,14.6786,2.62552,0.24175,0.61925,96.7362,96.3411
37020,54.8223,61.2462,70.5135,77.3772,98.936,51.1185,16.8881,17.126,15.6648,9.33328,6.23893,14.3211,2.556,0.151,-0.171,96.7362,96.3411
36960,54.0376,63.4533,69.137,75.4822,97.4309,52.3007,16.911,17.0714,15.4205,9.45869,6.18619,14.3641,2.56464,0.26775,-0.02475,96.7362,96.3411
36900,53.5324,61.1387,69.5322,75.9557,97.7839,51.0789,16.8755,17.0741,15.5379,9.34052,6.17574,14.301,2.56533,-0.075,-0.203748,96.7362,96.3411
36840,54.9586,62.7671,68.8658,75.0688,97.0681,51.941,16.8678,17.0389,15.4058,9.42139,6.16223,14.2751,2.52571,0.17175,-0.23375,96.7362,96.3411
36780,53.1943,61.8931,70.0927,76.7812,98.4534,51.4653,16.9176,17.1019,15.5864,9.26102,6.16991,14.5096,2.62157,0.10125,0.18325,96.8005,96.72
36720,52.7068,63.1146,69.4453,75.9206,97.7755,52.1179,16.9631,17.0811,15.4614,9.23547,6.11613,14.6832,2.67684,-0.13075,0.54,96.8005,96.72
36660,54.251,64.1476,68.9778,75.2405,97.2323,52.6806,16.9015,17.0622,15.4012,9.348,6.1404,14.346,2.57272,-0.0355,-0.0935,96.8005,96.72
36600,54.2385,61.6139,70.1601,76.7955,98.4666,51.3351,16.8693,17.1068,15.6207,9.22251,6.16531,14.2647,2.56744,0.18725,-0.30375,96.8005,96.72
36540,54.7919,64.0866,69.3602,75.7343,97.6051,52.6513,16.9087,17.0599,15.4441,9.34787,6.17393,14.4897,2.58951,-0.0595,0.19225,96.8005,96.72
36480,55.5227,64.6863,69.268,75.6379,97.5387,52.9599,16.8818,17.0554,15.4353,9.36876,6.18544,14.3539,2.54705,-0.13925,-0.07425,97.0142,96.4237
36420,55.2362,61.1139,69.5971,76.1345,97.9484,51.0398,16.8886,17.0724,15.5185,9.43576,6.21935,14.3676,2.53665,0.30325,-0.03275,97.0142,96.4237
36360,55.2678,64.0871,69.6987,76.3169,98.0996,52.6162,16.8822,17.0794,15.5185,9.27884,6.1728,14.3501,2.56081,-0.326521,-0.132,97.0142,96.4237
36300,54.0439,63.1677,68.4594,74.6329,96.7675,52.1225,16.9328,17.0323,15.325,9.37095,6.06914,14.5486,2.62912,0.163719,0.2765,97.0142,96.4237
36240,53.5807,61.4347,69.572,76.127,97.9434,51.2056,16.8766,17.075,15.5265,9.36399,6.17813,14.3061,2.5379,0.2705,-0.19925,97.0142,96.4237
36180,53.6303,62.175,69.531,76.0862,97.9182,51.5982,16.8906,17.0783,15.5328,9.15126,6.08665,14.3917,2.61346,-0.369906,-0.11875,96.8936,96.3411
36120,55.2395,61.4406,69.3629,75.837,97.7178,51.2133,16.9075,17.073,15.478,9.35907,6.17178,14.4053,2.56349,0.21375,0.029,96.8936,96.3411
36060,53.2408,61.5798,70.4064,77.2316,98.8244,51.2939,16.9361,17.117,15.6321,9.22042,6.1821,14.6015,2.6547,-0.03575,0.35625,96.8936,96.3411
36000,54.5036,63.4133,69.3869,75.8335,97.7018,52.2718,16.8235,17.0677,15.4988,9.40152,6.18612,14.0396,2.47094,0.28625,-0.738,96.8936,96.3411
35940,55.0973,62.1275,69.8124,76.4289,98.1856,51.5825,16.9083,17.0908,15.5371,9.38661,6.22244,14.4219,2.57292,0.07475,0.0685,96.8936,96.3411
35880,54.4087,60.9284,69.3921,75.852,97.7149,50.9452,16.8924,17.0685,15.5036,9.28828,6.1415,14.3846,2.57466,0.1325,-0.055,96.8247,96.2509
35820,53.8608,61.7097,69.4996,75.9948,97.825,51.3599,16.8447,17.0737,15.5446,9.23644,6.13374,14.1622,2.53102,-0.153,-0.53325,96.8247,96.2509
35760,54.6435,61.4055,69.9982,76.7004,98.3941,51.1965,16.8998,17.1049,15.5829,9.38396,6.23293,14.3509,2.55411,-0.02275,-0.08275,96.8247,96.2509
35700,55.1976,63.5279,69.7518,76.3294,98.1016,52.3415,16.9452,17.1031,15.4909,9.39782,6.22138,14.5115,2.59985,0.0895,0.27525,96.8247,96.2509
35640,54.7641,63.252,69.4271,75.8058,97.6759,52.2123,16.9333,17.0881,15.4609,9.30243,6.15144,14.4783,2.62457,0.1455,0.173,96.8247,96.2509
35580,53.9298,62.8037,68.9366,75.0936,97.0808,51.9873,16.9221,17.051,15.3996,9.373,6.14937,14.4971,2.61142,-0.0065,0.22175,96.5852,96.516
35520,54.7362,61.3961,69.7437,76.1781,97.9582,51.2317,16.8956,17.0848,15.5474,9.34341,6.25898,14.3825,2.58581,0.007,0.128979,96.5852,96.516
35460,54.3108,63.5111,69.3797,75.7256,97.5887,52.3483,16.9322,17.055,15.4423,9.34742,6.17782,14.6313,2.62755,-0.08925,0.5005,96.5852,96.516
35400,55.3381,60.9744,69.0607,75.3733,97.3221,50.9747,16.9281,17.0427,15.4267,9.41101,6.17893,14.5898,2.59706,0.0705,0.41925,96.5852,96.516
35340,53.5643,62.692,69.655,76.2411,98.034,51.8773,16.892,17.0797,15.5212,9.28116,6.14159,14.3977,2.57809,0.177619,-0.0545,96.5852,96.516
35280,53.7139,62.9696,68.7288,74.9851,97.0357,52.0243,16.9255,17.0437,15.368,9.33099,6.08301,14.5207,2.61386,0.157708,0.213,96.8851,96.5026
35220,53.528,62.5092,69.3229,75.7738,97.6675,51.7861,16.9077,17.0733,15.4792,9.24881,6.11618,14.4255,2.60253,-0.112808,0.01,96.8851,96.5026
35160,53.8035,63.1495,69.5997,76.1307,97.9496,52.1344,16.9386,17.086,15.4841,9.37914,6.1902,14.5508,2.61779,0.13125,0.31725,96.8851,96.5026
35100,54.2527,62.641,70.478,77.3077,98.8905,51.868,16.9061,17.1257,15.6404,9.2298,6.19948,14.4184,2.60015,-0.0365,-0.00025,96.8851,96.5026
35040,54.3163,60.5622,68.8763,75.1002,97.1193,50.7598,16.9433,17.0467,15.3834,9.55826,6.19737,14.5788,2.58888,0.82475,0.44275,96.8851,96.5026
34980,55.4698,64.2915,70.1479,76.8615,98.5272,52.7476,16.8852,17.1007,15.5726,9.41062,6.27209,14.3315,2.53982,-0.24775,-0.10325,96.8454,96.1477
34920,53.6936,61.1337,69.7977,76.3891,98.1618,51.0522,16.8889,17.0848,15.57,9.23072,6.14438,14.3915,2.5939,0.05375,-0.05925,96.8454,96.1477
34860,54.934,63.3503,69.651,76.2428,98.0378,52.2241,16.8655,17.0729,15.5085,9.47563,6.23923,14.2634,2.50123,0.293,-0.25175,96.8454,96.1477
34800,54.2443,64.953,69.4076,75.9527,97.826,53.0695,16.9409,17.073,15.4152,9.52449,6.19571,14.5735,2.59776,0.553193,0.377,96.8454,96.1477
34740,54.4698,60.9766,69.9474,76.6522,98.3869,50.9549,16.9397,17.0982,15.5701,9.32961,6.20739,14.5772,2.62995,-0.203897,0.36975,96.8454,96.1477
34680,54.9462,62.7824,69.1379,75.5488,97.4884,51.9211,16.9001,17.0551,15.4521,9.22805,6.12407,14.434,2.59452,-0.481,0.03725,96.7723,96.209
34620,54.6316,60.6418,69.837,76.525,98.2678,50.7745,16.8717,17.0886,15.5913,9.34744,6.21075,14.2742,2.53441,-0.268626,-0.27525,96.7723,96.209
34560,54.3274,62.501,68.6532,74.9008,96.9782,51.7704,16.9102,17.0424,15.381,9.2146,6.06839,14.4389,2.60738,-0.24025,0.03375,96.7723,96.209
34500,54.5499,61.7104,69.3216,75.7785,97.6769,51.355,16.9168,17.0734,15.4923,9.16186,6.103,14.4736,2.63259,-0.4435,0.101,96.7723,96.209
34440,53.5488,63.7673,70.014,76.7036,98.4042,52.4588,16.864,17.1003,15.5814,9.2158,6.16052,14.2431,2.55656,-0.094,-0.37725,96.7723,96.209
34380,52.8253,61.4443,69.0313,75.3524,97.3305,51.2232,16.9422,17.0608,15.4383,9.20126,6.07859,14.5965,2.66848,-0.14725,0.352,96.8094,96.233
34320,54.8919,63.0136,70.0143,76.6629,98.3667,52.0658,16.9291,17.0991,15.562,9.17697,6.16279,14.5615,2.64971,-0.374,0.29275,96.8094,96.233
34260,54.1996,62.8694,69.7817,76.3468,98.1076,51.9844,16.8821,17.0822,15.5347,9.30337,6.1748,14.3556,2.56851,0.2805,-0.10675,96.8094,96.233
34200,54.1257,62.7969,70.046,76.7593,98.4388,51.9363,16.8935,17.097,15.565,9.33423,6.20204,14.3922,2.56367,0.3415,-0.036,96.8094,96.233
34140,53.0871,61.22,70.468,77.3441,98.9168,51.0974,16.9029,17.1257,15.6678,9.24964,6.20095,14.4047,2.60411,-0.10375,-0.046,96.8094,96.233
34080,53.4057,64.1815,70.196,76.929,98.5861,52.6849,16.8655,17.118,15.6019,9.26775,6.18636,14.1944,2.55509,0.09475,-0.463,96.6222,96.3663
34020,55.0103,60.3007,69.512,75.9519,97.7825,50.6273,16.9092,17.0766,15.5111,9.45428,6.22788,14.4169,2.56436,0.24625,0.09075,96.6222,96.3663
33960,53.7747,61.4335,69.5386,75.9826,97.8081,51.2306,16.9115,17.0779,15.5354,9.20293,6.14085,14.4746,2.63829,-0.643,0.11625,96.6222,96.3663
33900,54.5817,62.1613,68.9742,75.222,97.1977,51.6192,16.88,17.0524,15.4339,9.35277,6.14954,14.2947,2.55078,-0.0045,-0.20525,96.6222,96.3663
33840,54.0253,63.5493,69.6252,76.1082,97.9155,52.3587,16.8941,17.0873,15.5035,9.33998,6.1841,14.338,2.57063,0.082,-0.11875,96.6222,96.3663
33780,54.9528,61.6917,68.8313,75.0056,97.0246,51.3729,16.8914,17.045,15.4192,9.39786,6.17055,14.3443,2.56423,-0.2835,-0.07875,96.7341,96.1728
33720,52.6974,64.7055,69.6806,76.1754,97.9629,52.9816,16.9401,17.0838,15.4733,9.34399,6.17334,14.6052,2.64404,0.21325,0.4035,96.7341,96.1728
33660,52.7118,62.0641,69.4622,75.8545,97.7116,51.5697,16.8739,17.0717,15.5178,9.26224,6.13649,14.3027,2.57895,0.00775,-0.22325,96.7341,96.1728
33600,53.9814,63.0063,70.5733,77.4047,98.9496,52.0634,16.8786,17.1166,15.6469,9.3823,6.26808,14.3311,2.54874,0.254,-0.1235,96.7341,96.1728
33540,55.1518,63.7875,69.7624,76.3488,98.1042,52.4706,16.8578,17.0784,15.5314,9.42176,6.23823,14.2309,2.50816,0.01075,-0.329,96.7341,96.1728
33480,54.2286,62.2341,70.2949,77.1218,98.7494,51.631,16.9273,17.1168,15.5988,9.41175,6.2611,14.492,2.5912,0.115,0.20825,96.6864,96.1864
33420,53.6567,64.3291,68.9864,75.3022,97.282,52.7587,16.8757,17.0546,15.4154,9.32155,6.12875,14.2773,2.55349,-0.03475,-0.2735,96.6864,96.1864
33360,53.9183,61.3977,69.6219,76.147,97.9574,51.1973,16.9135,17.0827,15.5334,9.22984,6.14033,14.4781,2.62439,-0.1305,0.11875,96.6864,96.1864
33300,54.9159,62.9913,69.3328,75.7545,97.6363,52.047,16.9048,17.0658,15.4694,9.26288,6.14675,14.4437,2.59983,-0.2645,0.0685,96.6864,96.1864
33240,55.5128,62.1513,69.0884,75.4338,97.3816,51.5976,16.8856,17.0568,15.4396,9.39301,6.17439,14.3151,2.53816,0.13175,-0.146,96.6864,96.1864
33180,54.2893,62.8721,70.1229,76.8442,98.5133,51.9807,16.9455,17.1079,15.5608,9.34646,6.2285,14.5914,2.63087,-0.082,0.4075,96.9016,96.4385
33120,55.1303,61.8584,69.3474,75.7672,97.6442,51.448,16.9102,17.0719,15.4813,9.2978,6.15939,14.4325,2.59293,-0.17275,0.06625,96.9016,96.4385
33060,54.1777,62.8659,69.2633,75.6341,97.5362,51.9888,16.883,17.0692,15.4648,9.29822,6.13344,14.3045,2.56693,0.19175,-0.21725,96.9016,96.4385
33000,54.3115,63.8672,69.2161,75.5554,97.4721,52.5287,16.9349,17.0678,15.4116,9.357,6.16055,14.5297,2.61131,0.1775,0.29925,96.9016,96.4385
32940,55.3827,62.8177,69.6753,76.1577,97.9486,51.9748,16.9168,17.0867,15.5026,9.37207,6.21666,14.4465,2.58657,-0.026,0.145,96.9016,96.4385
32880,53.0126,61.3785,69.7579,76.2558,98.0198,51.2082,16.8816,17.085,15.5731,9.24911,6.15527,14.3464,2.59874,-0.18875,-0.14875,96.7041,96.0555
32820,53.95,62.7466,70.3438,77.0702,98.6712,51.9354,16.8726,17.1102,15.6249,9.37094,6.24787,14.2839,2.54621,0.1615,-0.226,96.7041,96.0555
32760,55.4366,63.3607,69.5555,76.0149,97.8336,52.2586,16.8954,17.0775,15.4994,9.3234,6.19971,14.3722,2.57315,-0.38675,-0.03425,96.7041,96.0555
32700,53.7238,63.1662,69.0429,75.3239,97.2827,52.1525,16.8734,17.0542,15.4381,9.29574,6.122,14.2864,2.56049,0.00875,-0.256,96.7041,96.0555
32640,53.5076,63.2028,70.0793,76.7378,98.4154,52.1707,16.8926,17.1015,15.5861,9.29331,6.19725,14.3832,2.59745,-0.128,-0.06875,96.7041,96.0555
32580,53.768,63.8791,68.4801,74.5571,96.6651,52.5319,16.9187,17.0255,15.3315,9.23263,6.06933,14.5248,2.63004,-0.3635,0.231,96.8598,96.1026
32520,55.7508,61.0026,69.8055,76.4013,98.1559,50.9917,16.9269,17.0958,15.5439,9.33681,6.20628,14.4896,2.59708,-0.014,0.19525,96.8598,96.1026
32460,53.2342,62.5563,69.9381,76.5336,98.2507,51.8329,16.8808,17.0968,15.589,9.13563,6.12418,14.3392,2.60627,-0.311,-0.201,96.8598,96.1026
32400,54.3672,63.236,70.6622,77.5156,99.0367,52.1951,16.9285,17.1289,15.6387,9.37787,6.28803,14.5221,2.60642,-0.0935,0.286254,96.8598,96.1026
32340,54.525,61.5784,70.4434,77.214,98.7909,51.3108,16.8758,17.1146,15.6542,9.44508,6.33519,14.2857,2.53666,0.0505,-0.107702,96.8598,96.1026
32280,54.0556,62.6409,69.7388,76.2854,98.0512,51.8727,16.8713,17.0839,15.5564,9.2951,6.18122,14.293,2.56429,-0.3265,-0.2635,96.3587,96.7593
32220,55.204,62.2264,69.5838,76.0643,97.8819,51.6531,16.9167,17.0794,15.5119,9.2363,6.17615,14.4938,2.61784,-0.31925,0.219924,96.3587,96.7593
32160,53.8473,61.5605,69.4049,75.8244,97.6922,51.2946,16.9123,17.0697,15.4945,9.34223,6.20814,14.473,2.60652,-0.05575,0.23561,96.3587,96.7593
32100,55.2152,62.3727,70.1428,76.8476,98.5024,51.7257,16.8593,17.0977,15.6194,9.2349,6.2199,14.2644,2.54979,-0.25625,-0.226921,96.3587,96.7593
32040,53.4782,61.3927,69.8559,76.4807,98.2231,51.1965,16.9205,17.09,15.5746,9.1295,6.11952,14.5521,2.65335,-0.445247,0.246908,96.3587,96.7593
31980,54.2365,61.3147,69.4908,75.9837,97.8268,51.1562,16.8879,17.075,15.5275,9.29181,6.17486,14.3523,2.57192,-0.289026,-0.0762347,96.6563,96.2848
31920,53.7142,62.8675,69.4095,75.8733,97.7407,51.9848,16.8865,17.0709,15.49,9.35028,6.1679,14.345,2.56507,-0.0209977,-0.115865,96.6563,96.2848
31860,53.4419,61.8679,69.1092,75.4481,97.4016,51.4515,16.8929,17.0545,15.4575,9.31136,6.18769,14.396,2.58604,-0.02325,0.111859,96.6563,96.2848
31800,54.2828,61.3899,69.8178,76.4433,98.1929,51.1899,16.8713,17.083,15.5793,9.38967,6.24939,14.294,2.53817,-0.34125,-0.139138,96.6563,96.2848
31740,54.2712,63.8326,69.5335,76.0767,97.9155,52.4867,16.9223,17.0764,15.4703,9.42791,6.2015,14.5081,2.59828,0.138662,0.24882,96.6563,96.2848
31680,53.3789,60.8988,69.6072,76.1745,97.9935,50.9219,16.8891,17.0783,15.5386,9.33451,6.15551,14.3682,2.56889,0.249621,-0.0895,96.6237,96.1284
31620,53.3076,61.5651,69.2992,75.77,97.6645,51.2736,16.9155,17.0613,15.4757,9.23363,6.09937,14.5247,2.61647,0.0302509,0.203,96.6237,96.1284
31560,53.568,62.8584,69.7626,76.4124,98.1739,51.9589,16.8932,17.0812,15.5531,9.18257,6.12112,14.4388,2.61099,-0.492332,-0.011,96.6237,96.1284
31500,54.6828,60.267,69.8468,76.5325,98.2733,50.5777,16.8839,17.0902,15.5939,9.35953,6.17718,14.34,2.56461,-0.109351,-0.16075,96.6237,96.1284
31440,53.7692,61.6757,68.4831,74.6482,96.7719,51.3331,16.8649,17.0332,15.3734,9.47982,6.11415,14.2012,2.51629,0.428762,-0.39775,96.6237,96.1284
31380,53.7589,62.0545,69.4635,75.9655,97.8215,51.542,16.9186,17.0776,15.4933,9.26358,6.11164,14.4916,2.61935,0.138464,0.1425,96.9035,96.2519
31320,54.348,61.0373,69.9275,76.5779,98.3086,51.0025,16.8815,17.0958,15.5952,9.27714,6.17821,14.3202,2.57053,-0.0885,-0.19525,96.9035,96.2519
31260,52.1688,62.6654,69.438,75.895,97.749,51.8718,16.8652,17.0662,15.5199,9.13999,6.07153,14.3161,2.59467,-0.10175,-0.27575,96.9035,96.2519
31200,54.3759,61.7703,69.4654,75.9806,97.8236,51.385,16.86,17.072,15.5131,9.4257,6.1907,14.2096,2.50711,0.324168,-0.386,96.9035,96.2519
31140,54.4994,62.9942,69.1823,75.5957,97.5187,52.0421,16.9101,17.0668,15.4366,9.33439,6.12753,14.424,2.58123,0.20052,0.03025,96.9035,96.2519
31080,55.2748,62.6565,69.3526,75.7966,97.6888,51.8695,16.9091,17.0811,15.4649,9.36973,6.18054,14.3629,2.56306,0.084,-0.042,96.8899,96.3753
31020,53.5589,61.3316,69.6929,76.2108,98.0063,51.1748,16.9091,17.0886,15.5477,9.28923,6.15896,14.4378,2.61525,-0.0315,0.04825,96.8899,96.3753
30960,54.4467,61.09,68.9495,75.1778,97.1701,51.0464,16.9043,17.0467,15.4331,9.35788,6.1455,14.4362,2.58836,-0.01125,0.09475,96.8899,96.3753
30900,53.8867,63.3221,69.8999,76.5121,98.2406,52.2275,16.9403,17.0884,15.5281,9.23854,6.15743,14.6467,2.65865,-0.05125,0.4625,96.8899,96.3753
30840,53.6185,64.078,69.3541,75.8071,97.682,52.6248,16.9539,17.0668,15.4343,9.22152,6.11089,14.6954,2.66803,-0.1475,0.55825,96.8899,96.3753
30780,55.0409,62.7076,69.5148,76.0343,97.877,51.8919,16.8813,17.0832,15.5241,9.21114,6.13655,14.2893,2.57311,-0.48525,-0.26825,96.3642,96.0937
30720,54.199,63.8558,69.0753,75.3988,97.3657,52.5123,16.9434,17.0626,15.4007,9.29857,6.13331,14.5748,2.63542,-0.18475,0.369,96.3642,96.0937
30660,54.3046,61.5854,69.7897,76.3532,98.1109,51.3074,16.8563,17.0847,15.5842,9.30106,6.19277,14.2163,2.53706,-0.364,-0.393,96.3642,96.0937
30600,55.8181,63.9113,68.994,75.2918,97.2729,52.5429,16.9205,17.0527,15.3744,9.45589,6.1916,14.4696,2.56189,0.2495,0.202,96.3642,96.0937
30540,54.0744,62.8421,69.9732,76.6026,98.313,51.9728,16.8345,17.0883,15.6065,9.22284,6.17155,14.1531,2.53114,-0.352,-0.556,96.3642,96.0937
30480,52.9343,62.4714,69.0002,75.33,97.307,51.7623,16.8884,17.0481,15.4335,9.30734,6.11641,14.3776,2.57171,-0.00275,-0.066,96.4832,96.5911
30420,54.185,63.5951,69.2343,75.6741,97.5902,52.3556,16.9239,17.0634,15.4349,9.2815,6.12938,14.5242,2.61466,-0.06675,0.23275,96.4832,96.5911
30360,53.8884,62.3855,70.0945,76.8573,98.5381,51.7113,16.9394,17.1059,15.5622,9.38076,6.22596,14.5663,2.6117,0.133,0.34725,96.4832,96.5911
30300,54.5281,60.553,69.6727,76.2528,98.0552,50.7395,16.8844,17.0891,15.5571,9.32821,6.1798,14.2943,2.5528,0.08925,-0.22025,96.4832,96.5911
30240,54.6573,63.318,69.3515,75.7978,97.6852,52.2154,16.9078,17.0705,15.4714,9.24692,6.13109,14.4464,2.61269,-0.26075,0.0565,96.4832,96.5911
30180,53.9529,63.8124,69.8642,76.4929,98.2348,52.4812,16.8968,17.0917,15.5197,9.41532,6.21261,14.3792,2.55936,0.54525,-0.02925,96.8916,96.1902
30120,55.0854,61.0669,69.2248,75.642,97.5569,51.016,16.8934,17.0661,15.4641,9.50321,6.22126,14.3186,2.5237,0.30275,-0.107,96.8916,96.1902
30060,55.3032,60.9466,70.2607,77.0231,98.6584,50.9569,16.8938,17.1129,15.6328,9.27807,6.21239,14.3601,2.5742,-0.0915,-0.0915,96.8916,96.1902
30000,53.176,62.2239,68.8338,75.0681,97.0847,51.6392,16.9034,17.043,15.3849,9.42092,6.13508,14.4193,2.56576,0.62725,0.06075,96.8916,96.1902
29940,52.583,61.5504,69.0483,75.3835,97.3393,51.2758,16.8987,17.0559,15.4561,9.2456,6.08618,14.4173,2.60816,-0.0165,-0.02875,96.8916,96.1902
29880,54.0792,62.4609,68.7547,74.97,97.0008,51.7679,16.8701,17.0426,15.4177,9.23049,6.08257,14.2703,2.56259,-0.38275,-0.31325,96.5017,96.1224
29820,54.0529,61.4099,70.3819,77.1644,98.773,51.2102,16.8689,17.1282,15.6729,9.26178,6.21798,14.1872,2.55553,-0.3635,-0.4415,96.5017,96.1224
29760,54.9485,62.4873,69.2239,75.5502,97.4632,51.7956,16.8743,17.0683,15.4643,9.34688,6.16114,14.2383,2.53718,0.09975,-0.3065,96.5017,96.1224
29700,54.145,62.7807,69.2878,75.6262,97.5125,51.9557,16.9007,17.065,15.4764,9.30743,6.16023,14.4126,2.60171,-0.49075,0.02125,96.5017,96.1224
29640,55.5284,62.5189,68.6732,74.7994,96.8578,51.8173,16.937,17.0411,15.3583,9.42579,6.17022,14.54,2.60852,-0.3175,0.337,96.5017,96.1224
29580,54.554,61.5217,69.7386,76.222,97.9984,51.2891,16.9398,17.089,15.5272,9.2736,6.18405,14.587,2.64757,-0.06,0.415147,96.8468,96.2964
29520,55.5283,63.6867,69.4238,75.7998,97.661,52.4434,16.932,17.0714,15.4539,9.29447,6.1926,14.5552,2.6261,-0.25675,0.404221,96.8468,96.2964
29460,53.3493,63.911,69.3075,75.662,97.5575,52.5579,16.9278,17.0646,15.4155,9.46491,6.18288,14.536,2.59842,0.7125,0.308,96.8468,96.2964
29400,54.3175,63.6096,68.8281,75.0096,97.0329,52.3924,16.8723,17.0347,15.3977,9.35028,6.13577,14.3209,2.55591,-0.12225,-0.15675,96.8468,96.2964
29340,54.4849,62.5053,70.3463,77.136,98.7405,51.7885,16.9369,17.101,15.5834,9.37237,6.23762,14.6472,2.62015,0.38625,0.5095,96.8468,96.2964
29280,53.7656,62.0079,69.0396,75.4282,97.3975,51.5073,16.9143,17.0534,15.4218,9.38038,6.12896,14.4807,2.58799,0.342082,0.143,96.547,96.1619
29220,52.6893,64.7277,69.3286,75.7942,97.6878,52.9605,16.8735,17.0636,15.4721,9.17204,6.08292,14.3368,2.59704,-0.22325,-0.22475,96.547,96.1619
29160,53.6504,64.1565,70.5278,77.4359,98.9958,52.6503,16.8428,17.1142,15.6769,9.12367,6.17006,14.2114,2.56791,-0.59475,-0.48975,96.547,96.1619
29100,54.5643,61.9155,69.7486,76.4208,98.1784,51.4474,16.8816,17.0795,15.5368,9.4111,6.21113,14.3415,2.53144,0.316756,-0.11875,96.547,96.1619
29040,54.8765,63.272,69.7876,76.4897,98.2475,52.1698,16.9027,17.097,15.5214,9.58221,6.23879,14.3504,2.54686,0.383813,-0.084,96.547,96.1619
28980,53.9363,60.8534,67.9255,73.8789,96.1531,50.8969,16.8978,17.0144,15.3059,9.32432,6.05599,14.3367,2.58461,-0.1895,-0.1415,96.7251,96.8384
28920,54.5173,61.7358,70.6211,77.5225,99.0517,51.3825,16.9065,17.1348,15.6577,9.40791,6.27595,14.3733,2.56124,0.355,-0.02925,96.7251,96.8384
28860,54.5492,61.2014,68.9311,75.1747,97.1768,51.1059,16.9129,17.061,15.4278,9.35063,6.14368,14.3912,2.5887,-0.028,0.01225,96.7251,96.8384
28800,53.4014,61.9117,69.0653,75.3071,97.2621,51.4925,16.9341,17.0564,15.4416,9.22494,6.10637,14.5792,2.66244,-0.45175,0.34625,96.7251,96.8384
28740,53.8509,62.7913,69.2604,75.5918,97.4898,51.9608,16.9258,17.0643,15.4303,9.40443,6.16933,14.5207,2.60138,0.47925,0.26925,96.7251,96.8384
28680,54.197,62.0016,69.1752,75.4819,97.4047,51.5384,16.9446,17.0608,15.4365,9.32462,6.14899,14.6189,2.64606,-0.08825,0.45075,97.0002,96.1396
28620,53.9978,60.4836,68.9456,75.1721,97.1565,50.7282,16.9439,17.0489,15.4205,9.3036,6.11798,14.6265,2.64253,0.03625,0.461,97.0002,96.1396
28560,53.4201,62.6849,69.4413,75.8546,97.7136,51.8999,16.9174,17.0746,15.4835,9.3119,6.15228,14.4869,2.62096,0.033,0.1595,97.0002,96.1396
28500,53.6028,62.285,69.3696,75.7514,97.628,51.6864,16.9025,17.0669,15.4856,9.25434,6.12724,14.4462,2.61003,-0.03225,0.062,97.0002,96.1396
28440,55.5728,63.3835,69.0136,75.2806,97.2444,52.2659,16.8191,17.044,15.4593,9.3463,6.16781,14.0558,2.48133,-0.39425,-0.70475,97.0002,96.1396
28380,54.793,60.1804,69.7837,76.3814,98.1365,50.548,16.9183,17.0827,15.5565,9.42042,6.23542,14.5055,2.58577,-0.034,0.2405,96.9418,96.3312
28320,55.0483,60.9987,70.6269,77.5507,99.0832,50.9785,16.9409,17.1274,15.6525,9.41575,6.29306,14.5765,2.6043,0.07375,0.3945,96.9418,96.3312
28260,54.3539,64.6491,69.6887,76.2637,98.0607,52.9261,16.8768,17.089,15.5046,9.35841,6.19791,14.2545,2.53614,0.05675,-0.287,96.9418,96.3312
28200,54.5364,63.4557,69.0669,75.3876,97.3433,52.293,16.843,17.0514,15.4367,9.41167,6.16571,14.1385,2.4922,0.39025,-0.5185,96.9418,96.3312
28140,55.6316,62.3851,69.1272,75.5134,97.441,51.7153,16.9093,17.0555,15.424,9.43699,6.19783,14.436,2.54867,0.09725,0.11975,96.9418,96.3312
28080,53.8661,63.1169,69.7126,76.3233,98.098,52.1086,16.8597,17.0923,15.5393,9.37852,6.19472,14.1641,2.50954,0.20275,-0.492,96.7144,96.2991
28020,53.6919,61.7611,69.0629,75.3876,97.3502,51.3978,16.9155,17.0691,15.44,9.30666,6.12244,14.4053,2.59331,0.06525,0.00925,96.7144,96.2991
27960,55.1258,63.1324,69.6933,76.1888,97.9797,52.1437,16.9166,17.0941,15.5042,9.4164,6.22819,14.4085,2.57964,0.02925,0.06525,96.7144,96.2991
27900,54.6,63.2248,68.6394,74.7109,96.7845,52.2016,16.929,17.0378,15.3364,9.42588,6.15088,14.5131,2.60058,0.193,0.290052,96.7144,96.2991
27840,54.7075,64.9626,69.4915,75.8754,97.7169,53.1247,16.9075,17.0709,15.4432,9.53705,6.27145,14.4227,2.55993,0.181,0.146525,96.7144,96.2991
27780,53.6221,62.3916,68.9983,75.23,97.1941,51.7476,16.883,17.0406,15.4377,9.22828,6.09497,14.406,2.58976,-0.167,-0.03075,96.5644,96.1705
27720,55.6011,61.7229,70.3555,77.1444,98.7466,51.3782,16.9325,17.1101,15.6082,9.4122,6.28481,14.5583,2.59425,-0.15925,0.36975,96.5644,96.1705
27660,54.0915,60.7674,70.5068,77.3574,98.9346,50.8625,16.8832,17.1231,15.6835,9.34928,6.25824,14.3082,2.56247,-0.1775,-0.18475,96.5644,96.1705
27600,54.3297,61.8581,68.5086,74.628,96.7318,51.4429,16.8865,17.02,15.3768,9.28112,6.09124,14.405,2.58444,-0.364,-0.023,96.5644,96.1705
27540,53.6324,60.403,70.3981,77.2613,98.8606,50.6546,16.9055,17.1164,15.6559,9.30508,6.2092,14.4377,2.591,0.082192,0.04875,96.5644,96.1705
27480,53.3502,61.3855,70.1505,76.9181,98.5891,51.1811,16.9128,17.1085,15.5903,9.47995,6.23506,14.4337,2.57377,0.57949,0.08575,96.6775,96.0209
27420,53.9404,61.7712,69.7473,76.3473,98.123,51.3922,16.8928,17.0842,15.5562,9.23588,6.15565,14.3971,2.59138,-0.2325,-0.046,96.6775,96.0209
27360,54.6946,61.7942,69.9348,76.6103,98.3338,51.4011,16.9246,17.0927,15.5552,9.29005,6.19215,14.5351,2.61041,-0.01775,0.27075,96.6775,96.0209
27300,54.2597,61.9525,69.3299,75.8048,97.689,51.4807,16.9307,17.0656,15.4565,9.32207,6.14596,14.5644,2.61231,0.248252,0.32325,96.6775,96.0209
27240,55.341,63.8284,69.823,76.4881,98.2463,52.4807,16.9109,17.0958,15.5185,9.36316,6.194,14.4234,2.58414,0.0855154,0.037,96.6775,96.0209
27180,54.2762,59.9984,68.9519,75.2508,97.2427,50.4471,16.9089,17.0493,15.4495,9.33401,6.14162,14.4463,2.5923,-0.155,0.104,96.5551,96.2455
27120,55.1653,61.5791,70.6719,77.6001,99.1106,51.2904,16.8996,17.122,15.6735,9.42669,6.31279,14.4118,2.55923,-0.11175,0.065,96.5551,96.2455
27060,54.3433,63.2802,68.8107,75.0861,97.1079,52.1907,16.9082,17.0438,15.3824,9.35223,6.13448,14.4391,2.58642,-0.08,0.07825,96.5551,96.2455
27000,53.3912,62.5024,68.8708,75.1655,97.1643,51.7816,16.8962,17.0488,15.3958,9.3825,6.12271,14.3745,2.56115,0.54325,-0.06825,96.5551,96.2455
26940,54.1652,62.5313,69.2736,75.6933,97.5944,51.8042,16.9016,17.0773,15.4614,9.38586,6.16897,14.3376,2.56623,0.2045,-0.12275,96.5551,96.2455
26880,55.4493,62.5709,69.7957,76.3325,98.0933,51.8437,16.8968,17.0976,15.5346,9.40773,6.24204,14.3134,2.55082,-0.0225,-0.118,96.9106,96.536
26820,54.8348,63.4175,69.1387,75.3985,97.3356,52.3013,16.8805,17.0596,15.4541,9.24947,6.14394,14.3153,2.58597,-0.44925,-0.177942,96.9106,96.536
26760,54.6211,61.8993,69.8734,76.4,98.1304,51.4912,16.881,17.0869,15.5659,9.2522,6.21643,14.3539,2.57909,0.0655,0.0184359,96.9106,96.536
26700,53.2854,62.3332,69.6809,76.1726,97.959,51.7113,16.9542,17.0776,15.5011,9.2728,6.15234,14.7128,2.6806,0.0285,0.61825,96.9106,96.536
26640,54.0652,64.2982,69.3581,75.7753,97.6436,52.7515,16.8819,17.0629,15.4571,9.31851,6.15461,14.35,2.56088,0.05175,-0.11325,96.9106,96.536
26580,55.2254,63.2746,69.5286,76.0363,97.8729,52.1976,16.8852,17.0825,15.4858,9.41619,6.21031,14.2763,2.52756,0.2305,-0.21025,96.7093,96.4539
26520,54.04,62.4461,70.0349,76.6973,98.3901,51.7636,16.8795,17.1002,15.5986,9.17074,6.1463,14.3301,2.5918,-0.21825,-0.208,96.7093,96.4539
26460,54.4305,62.032,69.0519,75.355,97.3149,51.5418,16.8655,17.0538,15.4474,9.45004,6.1827,14.2239,2.51897,0.234,-0.32975,96.7093,96.4539
26400,54.9172,62.1909,69.8909,76.5074,98.2376,51.6248,16.9181,17.0921,15.5379,9.36714,6.21815,14.4823,2.58647,0.123,0.1955,96.7093,96.4539
26340,54.2431,62.6638,69.5882,76.0928,97.9094,51.8754,16.8935,17.0803,15.4994,9.34791,6.18008,14.357,2.5588,0.29625,-0.06675,96.7093,96.4539
26280,56.263,63.1925,69.2652,75.6671,97.5605,52.1577,16.8943,17.0628,15.4509,9.29215,6.15759,14.3794,2.56165,-0.16375,-0.03575,96.4052,96.3368
26220,53.7688,60.8521,69.8457,76.4661,98.2159,50.9081,16.9088,17.1004,15.5777,9.20246,6.1396,14.4173,2.61402,-0.11025,-0.01125,96.4052,96.3368
26160,54.4941,62.3524,68.6095,74.7442,96.8235,51.7192,16.9319,17.0381,15.3551,9.38783,6.13131,14.5332,2.61736,-0.04625,0.28375,96.4052,96.3368
26100,54.5352,60.8916,69.9991,76.6,98.3014,50.9452,16.8965,17.0969,15.6092,9.20872,6.18455,14.4102,2.61228,-0.48925,0.0238369,96.4052,96.3368
26040,54.4222,61.985,69.001,75.2582,97.2267,51.5233,16.8783,17.048,15.4395,9.32043,6.12988,14.3272,2.56136,0.0685,-0.16025,96.4052,96.3368
25980,55.1067,62.673,70.0591,76.7302,98.4142,51.8851,16.9216,17.0999,15.5513,9.43536,6.2622,14.4816,2.57485,0.1415,0.231,96.5631,96.3365
25920,53.5539,61.8933,69.1054,75.4341,97.3778,51.4667,16.8495,17.0575,15.4872,9.26774,6.11901,14.1741,2.54113,-0.274,-0.5035,96.5631,96.3365
25860,53.7071,63.852,69.4965,75.9635,97.8022,52.5114,16.879,17.0766,15.4895,9.30464,6.15412,14.2977,2.56121,0.07675,-0.2205,96.5631,96.3365
25800,53.5606,61.6201,70.0496,76.728,98.4131,51.3229,16.9373,17.1037,15.5581,9.43017,6.23829,14.5467,2.60059,0.35675,0.33675,96.5631,96.3365
25740,53.632,64.6482,69.3487,75.7447,97.6221,52.9443,16.884,17.0713,15.4426,9.41547,6.17717,14.3043,2.54585,0.4435,-0.18775,96.5631,96.3365
25680,54.4584,61.6194,69.2683,75.6255,97.5284,51.3309,16.95,17.0666,15.4379,9.55945,6.24681,14.598,2.60808,0.2225,0.485252,96.2836,96.0613
25620,53.3266,62.8518,68.9848,75.222,97.197,51.9907,16.8817,17.0466,15.4267,9.31539,6.13682,14.3592,2.58006,0.19975,-0.0381149,96.2836,96.0613
25560,54.0336,63.2229,69.2137,75.5503,97.4654,52.1835,16.8871,17.0575,15.444,9.34964,6.21367,14.3666,2.56633,0.28775,0.102428,96.2836,96.0613
25500,54.9324,62.2967,68.6443,74.8152,96.882,51.6789,16.9007,17.0314,15.3747,9.30358,6.09815,14.4383,2.588,-0.07625,0.0750401,96.2836,96.0613
25440,53.7591,64.1146,69.2493,75.6616,97.5723,52.6432,16.9232,17.0663,15.4342,9.30018,6.12637,14.5107,2.62088,-0.124008,0.20625,96.2836,96.0613
25380,55.9467,63.0043,70.1619,76.8954,98.561,52.054,16.8899,17.1102,15.5739,9.52948,6.28875,14.289,2.51765,0.368217,-0.151,96.2884,96.1763
25320,54.6838,62.5449,68.9297,75.2001,97.1982,51.8139,16.8589,17.0513,15.4347,9.37059,6.1547,14.1839,2.51722,-0.0685,-0.424049,96.2884,96.1763
25260,54.1303,62.0124,69.9898,76.6427,98.3507,51.528,16.9007,17.0978,15.5762,9.31448,6.21537,14.4158,2.59396,0.0988299,0.0842602,96.2884,96.1763
25200,54.0575,62.33,70.1214,76.8356,98.5072,51.6962,16.9848,17.1053,15.5399,9.35131,6.21846,14.7978,2.67743,0.194679,0.838992,96.2884,96.1763
25140,55.1883,63.9118,68.9486,75.2407,97.2324,52.5388,16.929,17.0533,15.3753,9.44194,6.16352,14.509,2.59256,0.127413,0.25625,96.2884,96.1763
25080,54.5741,62.8673,69.167,75.5264,97.464,51.9844,16.8645,17.065,15.4455,9.5621,6.23392,14.1658,2.48529,0.452303,-0.40305,96.6459,96.0921
25020,53.4464,63.0653,69.2577,75.6433,97.5443,52.0946,16.9075,17.0624,15.4523,9.31362,6.14188,14.4645,2.60261,0.13675,0.151364,96.6459,96.0921
24960,54.581,62.5633,68.9681,75.2563,97.2433,51.8256,16.9282,17.0529,15.4014,9.35187,6.14865,14.5228,2.60312,0.00375,0.288341,96.6459,96.0921
24900,53.5176,62.1407,69.7015,76.2415,98.0274,51.5996,16.9163,17.0818,15.5222,9.36341,6.23625,14.4986,2.60568,0.14025,0.333556,96.6459,96.0921
24840,54.6945,63.8997,68.4577,74.577,96.6972,52.5332,16.8784,17.0254,15.3384,9.36008,6.11589,14.3098,2.54563,-0.1145,-0.150117,96.6459,96.0921
24780,54.3796,62.5871,70.3898,77.2109,98.8115,51.832,16.9349,17.1167,15.6159,9.21093,6.19276,14.5876,2.64462,-0.18275,0.388528,96.4163,96.3778
24720,52.7468,61.6676,69.7371,76.3203,98.0965,51.3433,16.9306,17.0859,15.5513,9.13778,6.10307,14.5925,2.66673,-0.4455,0.331417,96.4163,96.3778
24660,53.6774,62.8889,68.9957,75.3184,97.2974,51.9962,16.8562,17.0545,15.4467,9.3499,6.12351,14.1873,2.52391,0.01025,-0.4665,96.4163,96.3778
24600,52.7478,61.2761,69.2206,75.5949,97.5203,51.14,16.9051,17.0632,15.4809,9.23757,6.09354,14.4508,2.61466,0.02725,0.0705978,96.4163,96.3778
24540,54.0344,62.956,69.263,75.6658,97.5783,52.0316,16.9382,17.0635,15.4357,9.34755,6.13967,14.6004,2.63199,0.145,0.3935,96.4163,96.3778
24480,53.8122,64.2979,69.4132,75.8742,97.7419,52.7435,16.9045,17.0638,15.4587,9.29815,6.13667,14.4769,2.59947,0.002,0.13125,96.524,96.3337
24420,53.5784,60.9656,69.0783,75.4659,97.4164,50.953,16.8824,17.0486,15.4677,9.3554,6.1329,14.3669,2.56032,-0.00423694,-0.10125,96.524,96.3337
24360,54.4134,63.1779,68.9106,75.2718,97.2728,52.1277,16.9178,17.0484,15.4002,9.26682,6.06952,14.5096,2.61331,-0.084637,0.17075,96.524,96.3337
24300,53.1711,62.016,68.3541,74.4929,96.6552,51.5114,16.8688,17.0278,15.3603,9.26673,6.01587,14.2523,2.55538,0.196368,-0.36425,96.524,96.3337
24240,53.1496,63.0581,69.2817,75.742,97.6435,52.0736,16.9524,17.0666,15.4287,9.42215,6.14508,14.6515,2.63722,0.292165,0.5035,96.524,96.3337
24180,55.165,64.4067,70.2458,77.025,98.6703,52.7966,16.8501,17.1096,15.6063,9.29627,6.20802,14.1677,2.52122,-0.014759,-0.5005,96.7069,95.9047
24120,54.646,60.9734,69.4153,75.9181,97.7805,50.9635,16.8521,17.0702,15.5203,9.44596,6.18666,14.1683,2.49227,0.291019,-0.4715,96.7069,95.9047
24060,54.9631,63.4266,69.5026,76.021,97.8652,52.2741,16.8669,17.0759,15.5103,9.27148,6.14029,14.2542,2.54994,-0.208728,-0.33775,96.7069,95.9047
24000,55.2714,61.5303,70.041,76.7597,98.4491,51.2625,16.8862,17.0958,15.5945,9.48268,6.27277,14.3368,2.53628,-0.186996,-0.0995,96.7069,95.9047
23940,53.9233,62.7658,69.2328,75.6626,97.584,51.9182,16.9299,17.0649,15.4427,9.31325,6.11295,14.5563,2.62927,0.147169,0.27775,96.7069,95.9047
23880,52.8547,63.0071,69.6602,76.2396,98.037,52.0498,16.8577,17.0796,15.5454,9.34637,6.16392,14.2319,2.54345,0.00279746,-0.39675,96.2062,96.2778
23820,55.2447,61.7491,68.2325,74.3019,96.5021,51.3755,16.9251,17.0223,15.3073,9.36576,6.07615,14.4964,2.59759,0.106013,0.1995,96.2062,96.2778
23760,54.0339,61.3248,69.4065,75.8804,97.7515,51.1542,16.8847,17.0663,15.5064,9.31701,6.15085,14.362,2.56516,0.10275,-0.10275,96.2062,96.2778
23700,55.05,63.3433,69.4616,75.9858,97.8452,52.2209,16.8826,17.0715,15.4865,9.3118,6.15411,14.337,2.55711,0.0475717,-0.15575,96.2062,96.2778
23640,52.0628,61.6206,69.0979,75.5054,97.4532,51.2995,16.9475,17.0499,15.4252,9.31873,6.10978,14.6867,2.64949,0.231518,0.54475,96.2062,96.2778
23580,55.6971,64.37,69.3299,75.8351,97.7266,52.7607,16.9198,17.066,15.4386,9.28742,6.14112,14.5093,2.60362,-0.216834,0.2085,96.4194,96.4253
23520,54.7959,62.9147,68.1796,74.2718,96.4738,51.9822,16.8982,17.0138,15.3031,9.43094,6.1091,14.3874,2.56143,-0.199218,-0.0105,96.4194,96.4253
23460,54.2126,61.8328,68.6139,74.8557,96.9393,51.4055,16.912,17.0344,15.3707,9.31325,6.07715,14.4754,2.60155,0.214477,0.121,96.4194,96.4253
23400,54.4169,61.843,69.4796,76.0514,97.8919,51.4123,16.9151,17.0779,15.4801,9.45968,6.1873,14.4443,2.56398,0.562538,0.1025,96.4194,96.4253
23340,55.0343,61.7028,69.4344,75.9607,97.8189,51.3464,16.9242,17.0825,15.4892,9.25191,6.13955,14.4699,2.60247,-0.094,0.126,96.4194,96.4253
23280,54.5354,63.3627,69.6302,76.1851,97.9934,52.2444,16.8833,17.0938,15.5134,9.31466,6.17255,14.2519,2.54545,0.10375,-0.30325,96.1704,96.4294
23220,53.4892,63.2377,69.2476,75.6084,97.5172,52.1931,16.8863,17.0724,15.4753,9.13998,6.07503,14.3254,2.60337,-0.23325,-0.223,96.1704,96.4294
23160,53.9798,61.6493,70.736,77.6072,99.1023,51.3541,16.9196,17.1343,15.6922,9.20202,6.21425,14.5065,2.63821,-0.2775,0.17425,96.1704,96.4294
23100,55.5252,61.1485,69.0876,75.3601,97.3079,51.0877,16.9253,17.0601,15.428,9.49312,6.21563,14.4719,2.57089,0.21125,0.2215,96.1704,96.4294
23040,54.7751,62.3463,69.4439,75.836,97.694,51.7316,16.8984,17.0778,15.4896,9.3305,6.17206,14.3659,2.57294,0.05325,-0.061,96.1704,96.4294
22980,54.2393,62.7634,69.1067,75.3473,97.3001,51.9543,16.8763,17.053,15.4429,9.2825,6.12003,14.3199,2.56539,0.20725,-0.17025,96.8042,96.5555
22920,54.8423,62.5549,70.2723,76.9732,98.6039,51.8306,16.9358,17.0989,15.5965,9.3419,6.25622,14.6347,2.64261,-0.45475,0.49225,96.8042,96.5555
22860,55.3476,62.4298,69.6214,76.1493,97.9449,51.7473,16.8731,17.0621,15.5172,9.47259,6.25252,14.3525,2.52499,-0.022,-0.06825,96.8042,96.5555
22800,53.6687,62.1881,70.7255,77.7346,99.2396,51.5973,16.9069,17.1239,15.701,9.19072,6.20297,14.5112,2.63478,-0.589273,0.1345,96.8042,96.5555
22740,53.4577,63.889,69.892,76.6084,98.3415,52.499,16.8757,17.0887,15.5545,9.30096,6.16607,14.3313,2.56733,0.0696539,-0.206,96.8042,96.5555
22680,53.2632,61.53,69.8245,76.5391,98.2879,51.2402,16.9238,17.0916,15.5489,9.37563,6.17552,14.5193,2.60614,0.174375,0.2055,96.5533,96.4315
22620,55.0349,62.679,68.6349,74.8855,96.9706,51.8612,16.9382,17.045,15.3426,9.35735,6.10716,14.5346,2.60681,0.317946,0.276,96.5533,96.4315
22560,54.962,62.6635,68.68,74.8993,96.9632,51.8649,16.9163,17.0397,15.3718,9.21273,6.07896,14.4808,2.60667,-0.2135,0.14675,96.5533,96.4315
22500,53.9893,63.6074,69.9791,76.68,98.3869,52.3682,16.8926,17.1024,15.5549,9.37346,6.22033,14.3343,2.55676,0.11525,-0.13875,96.5533,96.4315
22440,54.6115,62.9654,69.3533,75.7932,97.6793,52.033,16.9118,17.0777,15.4738,9.23728,6.13522,14.4201,2.60567,-0.2555,0.0215,96.5533,96.4315
22380,54.8433,64.5903,69.7267,76.2728,98.0554,52.909,16.857,17.0927,15.5289,9.33002,6.20556,14.1479,2.51931,-0.2355,-0.50075,96.0746,96.4529
22320,53.8063,61.7344,69.1053,75.4028,97.3463,51.3952,16.9507,17.0593,15.4285,9.32115,6.14947,14.6338,2.64455,-0.21225,0.49325,96.0746,96.4529
22260,53.9146,63.29,68.8672,75.0584,97.079,52.2255,16.891,17.0493,15.402,9.29471,6.11552,14.3466,2.5805,-0.01025,-0.10625,96.0746,96.4529
22200,54.7218,61.9608,69.8517,76.4071,98.1484,51.513,16.9035,17.0847,15.5399,9.47355,6.26304,14.4299,2.56257,0.1845,0.113,96.0746,96.4529
22140,55.4287,63.7163,68.7298,74.9158,96.9626,52.443,16.9423,17.0331,15.3227,9.59307,6.23791,14.5911,2.57478,0.23225,0.503,96.0746,96.4529
22080,54.6716,63.3741,68.5808,74.7283,96.824,52.2488,16.8848,17.0272,15.3579,9.33308,6.11459,14.3632,2.56864,-0.04225,-0.08025,96.6202,95.9556
22020,54.95,61.5158,69.4533,75.9572,97.8035,51.249,16.8764,17.0631,15.5074,9.38291,6.19991,14.3305,2.53594,0.01925,-0.13025,96.6202,95.9556
21960,54.9395,60.4267,68.9336,75.3012,97.295,50.6575,16.9026,17.0513,15.4381,9.38708,6.16221,14.393,2.55767,-0.038,-0.0045,96.6202,95.9556
21900,54.1935,63.1901,68.3594,74.4904,96.6388,52.1374,16.8895,17.0241,15.3197,9.40689,6.11978,14.3353,2.54455,0.18775,-0.11725,96.6202,95.9556
21840,55.4193,62.439,67.9475,73.9402,96.2043,51.7391,16.911,17.0137,15.2481,9.5405,6.14495,14.3668,2.53356,0.425,0.00225,96.6202,95.9556
21780,53.0005,62.5209,69.8539,76.4823,98.2262,51.7972,16.903,17.098,15.5572,9.30193,6.18595,14.3859,2.59247,-0.1295,-0.04125,96.4769,96.6079
21720,53.5397,62.8756,68.7739,74.9766,97.0211,51.9915,16.9211,17.0505,15.3812,9.30063,6.10238,14.4689,2.62029,0.05275,0.1275,96.4769,96.6079
21660,54.4725,62.3786,70.1684,76.8513,98.5045,51.7345,16.8762,17.1058,15.6019,9.41593,6.2625,14.2711,2.53682,0.104,-0.232,96.4769,96.6079
21600,52.7437,62.5698,69.2199,75.5599,97.4691,51.8378,16.9245,17.062,15.4514,9.25426,6.11296,14.5463,2.6426,-0.0125,0.256,96.4769,96.6079
21540,52.9807,62.6324,69.8956,76.4831,98.2152,51.8678,16.9036,17.0951,15.5567,9.21602,6.13872,14.4415,2.62143,0.169,0.02275,96.4769,96.6079
21480,53.7131,61.9805,69.5423,75.9981,97.8283,51.5224,16.8877,17.0787,15.5103,9.36255,6.18111,14.3318,2.56296,0.3135,-0.12775,96.4026,96.5858
21420,54.4827,61.1755,69.6286,76.1229,97.9254,51.0919,16.872,17.0804,15.5439,9.37782,6.20643,14.2623,2.53758,0.0725,-0.2665,96.4026,96.5858
21360,54.1756,61.9371,68.7013,74.8585,96.9156,51.4945,16.9272,17.0359,15.3666,9.32863,6.11268,14.5507,2.61841,0.19725,0.31275,96.4026,96.5858
21300,54.7532,62.8592,69.4552,75.9058,97.7537,51.9788,16.9502,17.0682,15.4603,9.26995,6.15717,14.677,2.65721,-0.18775,0.56275,96.4026,96.5858
21240,53.0566,62.4141,69.6574,76.2184,98.0113,51.7358,16.9461,17.0828,15.4929,9.33614,6.1744,14.6245,2.63644,0.25475,0.45725,96.4026,96.5858
21180,54.8658,61.6685,69.7082,76.2941,98.0695,51.3383,16.8733,17.0875,15.5475,9.39938,6.22328,14.2445,2.52293,0.04375,-0.29975,96.2345,96.3467
21120,54.9413,62.622,69.2389,75.6359,97.5476,51.8516,16.9201,17.0716,15.444,9.36626,6.1761,14.4427,2.58861,0.0665,0.11275,96.2345,96.3467
21060,53.6581,61.0918,68.7541,74.9524,96.9936,51.0445,16.9179,17.0498,15.4013,9.32106,6.11083,14.4452,2.6006,0.06125,0.0915,96.2345,96.3467
21000,54.8892,62.3366,69.1119,75.3999,97.3393,51.7209,16.9282,17.0635,15.4292,9.29317,6.14463,14.5052,2.61124,-0.16825,0.227,96.2345,96.3467
20940,53.0544,61.7772,70.35,77.064,98.6754,51.4268,16.8837,17.1198,15.6441,9.41983,6.2663,14.2874,2.56267,0.06825,-0.2185,96.2345,96.3467
20880,56.0617,62.3142,70.6847,77.4903,99.0082,51.7186,16.9041,17.1257,15.663,9.34838,6.28702,14.4298,2.58429,-0.04925,0.096,96.3368,96.1168
20820,53.6455,61.0791,69.8215,76.3417,98.0945,51.0498,16.8713,17.0813,15.589,9.15126,6.12577,14.3494,2.59815,-0.18725,-0.17975,96.3368,96.1168
20760,53.8766,62.4852,69.3058,75.6836,97.573,51.7855,16.9066,17.0531,15.4679,9.29788,6.14828,14.523,2.61627,-0.07875,0.216,96.3368,96.1168
20700,54.3428,62.9289,69.3529,75.8262,97.7057,52.0066,16.9191,17.0614,15.4443,9.45754,6.20852,14.5182,2.57611,0.352,0.26125,96.3368,96.1168
20640,53.8974,61.6329,70.238,77.041,98.6925,51.3072,16.8753,17.1062,15.6325,9.28674,6.20645,14.312,2.56318,0.0365,-0.221,96.3368,96.1168
20580,52.8229,63.4426,68.9925,75.3575,97.3385,52.2677,16.8595,17.0448,15.4348,9.36913,6.14292,14.2547,2.53943,0.0785,-0.333,96.4481,96.0869
20520,54.1772,62.5134,69.7998,76.4902,98.2466,51.7649,16.9125,17.0836,15.5347,9.33479,6.19679,14.4956,2.59535,-0.004,0.17225,96.4481,96.0869
20460,53.382,63.0303,69.2486,75.7659,97.666,52.0379,16.9369,17.064,15.421,9.4041,6.16018,14.5791,2.60279,0.57875,0.35,96.4481,96.0869
20400,54.6031,60.8155,69.3548,75.8888,97.7669,50.8627,16.9285,17.0778,15.4969,9.30612,6.16703,14.4902,2.61057,-0.33925,0.1765,96.4481,96.0869
20340,54.8686,61.6556,70.0603,76.8148,98.5007,51.3208,16.9152,17.1145,15.5805,9.34665,6.22117,14.3943,2.57705,0.1395,-0.00375,96.4481,96.0869
20280,54.2048,63.2386,69.4988,75.9961,97.8333,52.1846,16.9014,17.0906,15.4815,9.36359,6.17783,14.3195,2.5603,0.3185,-0.15625,96.7813,96.3295
20220,53.8003,63.5994,69.2158,75.5247,97.4417,52.3949,16.8548,17.0745,15.4851,9.14465,6.08523,14.1499,2.56729,-0.37475,-0.5715,96.7813,96.3295
20160,53.6525,61.0895,69.8447,76.3424,98.0792,51.0704,16.8834,17.0966,15.5701,9.42988,6.23335,14.2792,2.5511,0.26075,-0.2125,96.7813,96.3295
20100,54.7006,62.7817,69.3943,75.7089,97.5797,51.9746,16.8706,17.0775,15.4963,9.31409,6.17327,14.2211,2.55422,-0.147,-0.3505,96.7813,96.3295
20040,55.0408,63.5539,70.4251,77.0892,98.6651,52.3911,16.872,17.1102,15.6207,9.36613,6.34929,14.2948,2.54521,0.03475,0.00188704,96.7813,96.3295
19980,54.4374,62.4128,69.9451,76.4927,98.193,51.7715,16.9265,17.0841,15.5404,9.48184,6.33765,14.567,2.5965,-0.11175,0.556262,96.2906,96.4311
19920,55.0265,62.8242,69.3294,75.703,97.5955,51.9769,16.9233,17.0674,15.431,9.57928,6.28037,14.4648,2.55036,0.42375,0.269177,96.2906,96.4311
19860,55.671,61.6076,69.2834,75.6367,97.5441,51.3235,16.8963,17.0604,15.4784,9.29955,6.21666,14.4116,2.58435,-0.1545,0.177742,96.2906,96.4311
19800,54.6174,61.5558,69.2853,75.6866,97.5795,51.2828,16.9277,17.0515,15.4542,9.35447,6.16145,14.6102,2.61522,0.13725,0.4325,96.2906,96.4311
19740,55.9531,63.5958,70.295,77.1368,98.7483,52.3537,16.8501,17.1011,15.5961,9.55908,6.31945,14.1773,2.45661,0.437256,-0.3975,96.2906,96.4311
19680,54.4019,63.5204,69.1895,75.6538,97.5757,52.3065,16.9006,17.0605,15.4405,9.35266,6.12648,14.4188,2.58104,0.0188398,0.0035,96.5164,96.2338
19620,54.3872,62.0988,69.066,75.4588,97.4224,51.5556,16.8802,17.06,15.4442,9.45127,6.15426,14.2725,2.53272,0.307308,-0.24875,96.5164,96.2338
19560,53.219,63.4277,70.3636,77.1869,98.793,52.2735,16.8785,17.1145,15.6419,9.14749,6.15924,14.3361,2.59972,-0.388213,-0.213,96.5164,96.2338
19500,55.129,62.3441,69.7897,76.4159,98.1763,51.695,16.9373,17.0906,15.5233,9.30882,6.18501,14.5696,2.62236,-0.10475,0.34675,96.5164,96.2338
19440,53.9168,62.4954,68.414,74.5283,96.6604,51.78,16.9336,17.0278,15.3187,9.3116,6.07585,14.559,2.61894,0.15775,0.31425,96.5164,96.2338
19380,55.7878,61.7883,69.6298,76.1711,97.973,51.4059,16.89,17.0845,15.5218,9.32429,6.18732,14.327,2.54611,0.06575,-0.135,96.6351,96.1816
19320,54.0976,62.4549,68.22,74.2408,96.4354,51.7643,16.8986,17.0264,15.3156,9.33637,6.07976,14.3438,2.57241,-0.00925,-0.114,96.6351,96.1816
19260,55.2273,62.9926,68.8464,75.0524,97.0636,52.0635,16.8825,17.045,15.4072,9.30031,6.13107,14.3208,2.56062,-0.27175,-0.15856,96.6351,96.1816
19200,54.6121,63.6983,68.8051,75.0092,97.0338,52.4391,16.8882,17.0453,15.3796,9.41606,6.15696,14.3253,2.54618,0.119,-0.1335,96.6351,96.1816
19140,54.0897,62.032,69.2039,75.5402,97.4625,51.5531,16.8854,17.0643,15.4638,9.38454,6.16292,14.3152,2.55538,0.25825,-0.1685,96.6351,96.1816
19080,54.0868,63.2172,69.9667,76.5597,98.2724,52.1862,16.8964,17.0915,15.5572,9.3553,6.26234,14.4113,2.584,-0.0425,0.133406,96.5319,96.2455
19020,54.0928,59.5234,69.3754,75.7866,97.6614,50.2072,16.9313,17.0636,15.4993,9.3052,6.14643,14.592,2.62645,0.12875,0.386,96.5319,96.2455
18960,54.4344,63.6836,68.9938,75.3027,97.2829,52.4173,16.9076,17.0486,15.397,9.36182,6.14328,14.4565,2.58203,0.15125,0.1175,96.5319,96.2455
18900,54.7287,61.6816,69.8908,76.5464,98.2814,51.3445,16.8644,17.089,15.5729,9.34766,6.19932,14.2511,2.52169,0.2965,-0.31225,96.5319,96.2455
18840,53.0563,63.137,69.4191,75.9162,97.7942,52.1153,16.9162,17.0753,15.4813,9.19314,6.09374,14.4923,2.6339,-0.0216779,0.1225,96.5319,96.2455
18780,53.8417,63.5741,69.6635,76.2396,98.0345,52.3497,16.9011,17.0759,15.5127,9.29046,6.16773,14.4583,2.60059,-0.17725,0.07975,96.2178,96.2488
18720,54.2769,61.2427,70.478,77.3774,98.947,51.0977,16.908,17.1136,15.6485,9.37982,6.26483,14.467,2.57929,-0.00125,0.142,96.2178,96.2488
18660,54.4938,62.4258,69.7021,76.3555,98.1393,51.721,16.9082,17.0868,15.526,9.40002,6.19742,14.4262,2.57856,-0.0488508,0.0455,96.2178,96.2488
18600,54.7131,63.5498,69.4574,76.0006,97.8556,52.3284,16.9161,17.0814,15.4753,9.25256,6.13723,14.4485,2.60283,-0.157676,0.0645,96.2178,96.2488
18540,54.0745,62.0861,69.5837,76.1269,97.9459,51.5594,16.8855,17.0858,15.5219,9.30057,6.15919,14.3028,2.55905,0.1315,-0.21675,96.2178,96.2488
18480,52.7278,60.8457,69.6269,76.1642,97.9636,50.9069,16.9224,17.0841,15.5458,9.26581,6.14881,14.5172,2.63742,-0.2905,0.1885,96.5804,96.4874
18420,54.4398,62.1601,69.5969,76.0942,97.906,51.6156,16.8931,17.0846,15.5335,9.25779,6.16314,14.352,2.5877,-0.3875,-0.118,96.5804,96.4874
18360,54.7517,61.4863,69.7587,76.2972,98.0667,51.2608,16.9277,17.0915,15.5294,9.31558,6.18907,14.5079,2.60783,0.09875,0.23825,96.5804,96.4874
18300,53.5649,61.5324,69.2728,75.6279,97.521,51.2858,16.9198,17.0632,15.4798,9.24957,6.12935,14.5231,2.62968,-0.35825,0.2235,96.5804,96.4874
18240,53.5184,63.2568,70.0302,76.678,98.3743,52.2045,16.8633,17.1045,15.6028,9.24086,6.17461,14.2269,2.56813,-0.33875,-0.42125,96.5804,96.4874
18180,53.7909,61.3833,70.1768,76.8394,98.5049,51.2107,16.8554,17.1085,15.6312,9.31418,6.24732,14.182,2.53324,0.298,-0.367654,96.5358,96.2404
18120,54.6843,61.4255,69.5531,76.0075,97.8427,51.2271,16.9135,17.0764,15.4945,9.48905,6.28235,14.4508,2.56904,0.4645,0.27875,96.5358,96.2404
18060,54.7931,61.7507,70.2485,76.9755,98.6143,51.3941,16.8493,17.1007,15.637,9.35775,6.30441,14.2022,2.51713,0.076,-0.222377,96.5358,96.2404
18000,53.8902,62.5377,69.3805,75.8448,97.7194,51.7978,16.9107,17.0614,15.4721,9.34659,6.15699,14.5059,2.60089,0.05875,0.19775,96.5358,96.2404
17940,53.7387,63.2464,68.6943,74.9519,97.0117,52.1621,16.8981,17.0309,15.367,9.38214,6.11929,14.4356,2.57539,0.12725,0.061,96.5358,96.2404
17880,53.0338,61.9615,69.6786,76.3337,98.1143,51.4706,16.88,17.0801,15.5398,9.29111,6.11774,14.3518,2.56498,0.351991,-0.1755,96.8597,96.4503
17820,54.4026,63.062,69.6297,76.2579,98.0652,52.0619,16.8944,17.0892,15.5039,9.46905,6.16921,14.3307,2.55022,0.530707,-0.15225,96.8597,96.4503
17760,55.2544,61.87,68.7065,74.9326,97.0028,51.4415,16.885,17.0501,15.4034,9.38071,6.11338,14.267,2.5532,-0.0279384,-0.267,96.8597,96.4503
17700,52.3234,65.054,69.0884,75.4135,97.3632,53.1528,16.8809,17.0558,15.4053,9.41723,6.16164,14.3165,2.55173,0.4755,-0.139219,96.8597,96.4503
17640,53.6189,64.0495,69.7868,76.3697,98.1341,52.6169,16.8882,17.09,15.5216,9.35978,6.21299,14.3344,2.5611,0.18525,-0.0866223,96.8597,96.4503
17580,55.4152,62.6414,68.9423,75.222,97.214,51.8652,16.9079,17.0498,15.4007,9.41572,6.17535,14.4201,2.56171,0.00375,0.0817535,96.1843,96.148
17520,54.61,62.6581,69.3895,75.8266,97.7034,51.8723,16.9589,17.071,15.4356,9.42768,6.20243,14.664,2.63131,0.29525,0.591939,96.1843,96.148
17460,54.9171,64.1089,69.2705,75.6696,97.5686,52.6471,16.8708,17.0604,15.4439,9.3346,6.14885,14.2845,2.53213,0.299,-0.24125,96.1843,96.148
17400,55.006,62.7612,69.8905,76.5329,98.2731,51.9204,16.8871,17.094,15.5593,9.29446,6.19165,14.3362,2.56599,-0.12725,-0.1375,96.1843,96.148
17340,54.9087,61.3608,69.3511,75.8067,97.6862,51.1722,16.8806,17.0662,15.4895,9.46094,6.21445,14.2951,2.52063,0.1705,-0.16925,96.1843,96.148
17280,53.3055,61.863,69.2261,75.6495,97.5681,51.4386,16.892,17.0671,15.4742,9.4827,6.19246,14.3289,2.55511,0.0518092,-0.13025,96.2009,96.4135
17220,53.7228,61.3804,69.6989,76.264,98.0478,51.1865,16.8653,17.0816,15.5719,9.27817,6.16532,14.264,2.5577,-0.2575,-0.31625,96.2009,96.4135
17160,53.3277,62.3,68.4101,74.5211,96.6518,51.6766,16.8934,17.025,15.3517,9.21306,6.02781,14.4068,2.59852,0.0755,-0.06,96.2009,96.4135
17100,53.1031,62.5175,68.5104,74.6523,96.7604,51.7921,16.8669,17.0337,15.3905,9.17641,6.03654,14.2552,2.5743,-0.38125,-0.3685,96.2009,96.4135
17040,54.1607,62.1088,69.711,76.2876,98.0756,51.5785,16.9338,17.0943,15.5113,9.42083,6.21531,14.4982,2.5975,0.2025,0.2355,96.2009,96.4135
16980,53.9276,62.1596,68.1999,74.1745,96.3654,51.6182,16.8319,17.0166,15.3529,9.24471,6.04246,14.0862,2.50933,-0.10575,-0.67775,96.2595,96.1364
16920,53.9094,61.9013,69.4901,75.9248,97.7683,51.4788,16.879,17.0742,15.5225,9.18251,6.10882,14.3306,2.58736,-0.11875,-0.191,96.2595,96.1364
16860,55.2801,63.4996,69.388,75.8114,97.6794,52.3263,16.9308,17.0688,15.4403,9.39961,6.19796,14.5403,2.59593,0.05125,0.3275,96.2595,96.1364
16800,54.0362,61.4593,69.9853,76.6226,98.3238,51.2368,16.8805,17.0932,15.5845,9.41181,6.23427,14.3205,2.54344,0.176,-0.146,96.2595,96.1364
16740,53.7829,62.0095,69.816,76.4217,98.1693,51.5251,16.9077,17.0882,15.5308,9.40281,6.2047,14.4407,2.56802,0.49725,0.0935,96.2595,96.1364
16680,53.3041,61.0083,69.0685,75.4126,97.3622,50.9899,16.9092,17.0561,15.452,9.32092,6.11923,14.4582,2.59628,0.15,0.08325,96.5184,96.411
16620,53.1141,60.3964,69.1292,75.4906,97.4273,50.6685,16.9396,17.0634,15.4519,9.30302,6.10481,14.5866,2.63561,0.36375,0.3385,96.5184,96.411
16560,53.911,61.43,68.6351,74.7835,96.8709,51.2268,16.883,17.0467,15.3962,9.33455,6.09904,14.2651,2.55321,0.20275,-0.28025,96.5184,96.411
16500,54.4529,62.4574,70.1312,76.7843,98.4632,51.784,16.8764,17.1084,15.6195,9.29357,6.23631,14.2692,2.57021,-0.49225,-0.248405,96.5184,96.411
16440,54.839,63.2731,69.9663,76.5483,98.2684,52.2183,16.852,17.0917,15.5571,9.49665,6.31055,14.164,2.48378,0.44875,-0.32015,96.5184,96.411
16380,54.1136,63.1271,69.0469,75.3318,97.2984,52.1267,16.9225,17.0437,15.4091,9.3162,6.12856,14.5769,2.62541,0.00975,0.35225,96.3712,96.2567
16320,55.1233,62.6283,69.5278,76.0604,97.8867,51.8431,16.8835,17.0639,15.4771,9.59398,6.27453,14.3449,2.49709,0.52675,-0.03125,96.3712,96.2567
16260,55.3262,63.9064,69.5781,76.1817,97.9988,52.51,16.9317,17.0746,15.4733,9.39872,6.20921,14.5641,2.60108,-0.26597,0.3545,96.3712,96.2567
16200,53.9087,62.9103,68.705,75.007,97.065,51.9767,16.8902,17.0424,15.3752,9.48549,6.11835,14.3358,2.54713,0.448721,-0.14675,96.3712,96.2567
16140,54.1867,63.4255,68.3143,74.4327,96.6029,52.2655,16.8998,17.0274,15.3273,9.22698,6.02595,14.3963,2.60088,-0.228778,-0.072,96.3712,96.2567
16080,53.85,64.1893,69.2943,75.7325,97.6401,52.6845,16.9081,17.0715,15.4565,9.23912,6.12006,14.4319,2.61356,-0.26425,0.019,96.5354,96.3742
16020,54.0819,62.7321,69.4901,75.9578,97.8107,51.909,16.8702,17.0721,15.5142,9.24701,6.13852,14.2893,2.56803,-0.07525,-0.25875,96.5354,96.3742
15960,55.2076,64.4274,69.3989,75.8749,97.7321,52.8026,16.9072,17.0593,15.4469,9.46179,6.23186,14.4784,2.5709,-0.159,0.18925,96.5354,96.3742
15900,54.9236,61.9855,69.3559,75.8704,97.7399,51.4905,16.8953,17.0666,15.4907,9.32412,6.16454,14.3939,2.5697,-0.221736,-0.0375,96.5354,96.3742
15840,53.9585,63.3269,69.4015,75.935,97.7945,52.2108,16.9151,17.078,15.4624,9.36228,6.17146,14.4308,2.57484,0.09225,0.06075,96.5354,96.3742
15780,54.2188,62.2222,68.5123,74.6837,96.7972,51.6313,16.9144,17.0448,15.3507,9.37028,6.10765,14.387,2.57671,0.145,-0.01825,96.1385,96.3056
15720,54.1948,63.5206,69.0813,75.3847,97.3426,52.344,16.943,17.0666,15.4144,9.15129,6.07225,14.5837,2.66609,-0.27325,0.3245,96.1385,96.3056
15660,55.1112,61.0199,70.6482,77.4827,99.0119,51.0198,16.9005,17.133,15.678,9.37183,6.27877,14.3626,2.56649,0.076,-0.04325,96.1385,96.3056
15600,53.9819,63.2745,70.0939,76.7076,98.3877,52.2252,16.8724,17.1016,15.5828,9.48123,6.30034,14.2502,2.53129,0.068,-0.222332,96.1385,96.3056
15540,53.9325,61.1365,68.8077,74.9614,96.9881,51.0814,16.889,17.0368,15.4212,9.27429,6.14856,14.3997,2.58697,-0.06725,0.125749,96.1385,96.3056
15480,53.332,62.3198,69.0936,75.3845,97.3285,51.7028,16.8452,17.0433,15.4927,9.20609,6.09709,14.2475,2.57203,-0.617,-0.38538,96.1075,96.2149
15420,53.7679,63.9573,70.6288,77.526,99.0622,52.5609,16.8812,17.1183,15.6591,9.24427,6.21659,14.3776,2.58821,-0.18675,-0.09375,96.1075,96.2149
15360,52.9738,62.6964,69.8291,76.4768,98.2247,51.875,16.9108,17.0797,15.5442,9.20047,6.1271,14.5456,2.63434,-0.03425,0.221,96.1075,96.2149
15300,55.0373,63.0021,68.6704,74.9533,97.0035,52.0275,16.9007,17.0286,15.359,9.40286,6.13405,14.4431,2.5572,0.0731713,0.08975,96.1075,96.2149
15240,52.7426,63.1996,69.2088,75.6965,97.6172,52.1291,16.9005,17.0689,15.4557,9.43811,6.13603,14.3758,2.58372,0.120262,-0.0815,96.1075,96.2149
15180,54.1947,61.7953,69.6696,76.2703,98.0652,51.399,16.902,17.0915,15.5435,9.21479,6.13291,14.384,2.59702,-0.225751,-0.07725,96.3165,96.4144
15120,54.2443,62.8348,70.3809,77.2029,98.7974,51.965,16.911,17.1207,15.6164,9.35713,6.24425,14.4228,2.58398,0.005,0.047,96.3165,96.4144
15060,55.8122,61.2233,69.8828,76.4873,98.2276,51.1149,16.8896,17.1021,15.5786,9.30116,6.20057,14.2981,2.56254,-0.1265,-0.20175,96.3165,96.4144
15000,54.8455,62.3086,68.862,75.0564,97.0698,51.7009,16.9035,17.048,15.3967,9.39358,6.1621,14.3952,2.57254,0.169,0.0473409,96.3165,96.4144
14940,54.7585,61.9815,70.1229,76.7725,98.4365,51.5273,16.8504,17.1011,15.6142,9.2957,6.2329,14.1787,2.52101,0.113,-0.373047,96.3165,96.4144
14880,55.2549,62.6782,68.5334,74.6264,96.723,51.893,16.8774,17.0281,15.3636,9.31199,6.10248,14.3113,2.5542,-0.12525,-0.18475,96.6056,96.5857
14820,54.7773,62.105,69.913,76.5234,98.2528,51.5831,16.9011,17.0955,15.5563,9.3485,6.21525,14.3891,2.56869,-0.00675,0.0035,96.6056,96.5857
14760,54.3231,63.447,68.6745,74.8344,96.8988,52.2971,16.8758,17.0356,15.3556,9.50187,6.16427,14.2728,2.51852,0.6105,-0.21375,96.6056,96.5857
14700,54.2307,62.5823,69.7629,76.3396,98.1009,51.8355,16.9243,17.0834,15.5279,9.34118,6.20121,14.5428,2.61729,-0.2815,0.28325,96.6056,96.5857
14640,53.9003,61.9935,68.4438,74.5294,96.6579,51.5196,16.8891,17.0245,15.3636,9.2718,6.06971,14.3772,2.58829,-0.12825,-0.073,96.6056,96.5857
14580,54.3546,64.2421,69.8263,76.4439,98.1919,52.7116,16.8997,17.0887,15.519,9.38317,6.21824,14.4017,2.57016,-0.02275,0.00975,95.7949,96.1726
14520,54.6849,61.8251,68.4046,74.5139,96.6453,51.4239,16.897,17.0237,15.3489,9.36273,6.10758,14.3956,2.56961,-0.07325,-0.01675,95.7949,96.1726
14460,55.0454,62.0676,69.6559,76.2097,98.0037,51.5536,16.8652,17.0833,15.5372,9.35737,6.19422,14.2228,2.52052,0.13675,-0.3585,95.7949,96.1726
14400,53.5294,61.1351,68.9579,75.2581,97.2435,51.0559,16.9313,17.0532,15.4451,9.14429,6.05603,14.5815,2.67047,-0.45275,0.282,95.7949,96.1726
14340,54.1385,64.1067,69.5238,76.023,97.853,52.6465,16.9024,17.0811,15.4834,9.31028,6.16459,14.3945,2.58586,-0.10475,-0.03025,95.7949,96.1726
14280,53.6143,62.7954,69.5572,76.0461,97.8672,51.953,16.9351,17.0822,15.4769,9.30158,6.1418,14.5624,2.62551,0.39825,0.308,96.2763,96.0139
14220,54.2693,61.0805,70.2735,77.0109,98.6414,51.0446,16.928,17.1174,15.5984,9.426,6.25135,14.485,2.58261,0.534,0.211,96.2763,96.0139
14160,53.7577,63.5623,69.5605,76.0035,97.8337,52.3738,16.8895,17.0821,15.5146,9.23574,6.14184,14.354,2.6024,-0.33525,-0.139744,96.2763,96.0139
14100,53.7229,61.1473,70.0545,76.6659,98.3595,51.0864,16.9268,17.0969,15.5641,9.43152,6.24569,14.5394,2.59822,0.586,0.354748,96.2763,96.0139
14040,54.1591,62.5145,69.4647,75.9029,97.7535,51.8055,16.8985,17.0664,15.4816,9.41627,6.19528,14.4276,2.56814,0.26925,0.066,96.2763,96.0139
13980,54.8176,63.0561,69.8309,76.4288,98.1827,52.0847,16.9112,17.0807,15.5119,9.42856,6.227,14.4936,2.57163,0.42075,0.22,96.4944,95.8086
13920,54.9801,64.6949,69.3515,75.819,97.7095,52.9436,16.9168,17.0608,15.4311,9.264,6.13704,14.532,2.60629,0.00325,0.25425,96.4944,95.8086
13860,53.3326,63.9554,69.8885,76.6045,98.3399,52.5382,16.8933,17.0854,15.5426,9.30404,6.18566,14.4188,2.57882,-0.1495,0.00575,96.4944,95.8086
13800,53.6343,63.2514,69.3618,75.9054,97.7925,52.1547,16.9223,17.0689,15.4519,9.36075,6.1368,14.5177,2.60805,0.34691,0.21525,96.4944,95.8086
13740,54.1085,63.4406,70.1748,77.0217,98.681,52.2539,16.8728,17.1069,15.5965,9.47537,6.25812,14.2491,2.52212,0.0258921,-0.29575,96.4944,95.8086
13680,54.1814,62.5415,69.9608,76.7137,98.4289,51.7849,16.9095,17.1006,15.5617,9.2423,6.15604,14.4408,2.59644,0.0553051,0.037,96.2996,96.3699
13620,54.4338,63.4163,68.5362,74.7434,96.854,52.2575,16.9319,17.0406,15.3343,9.33698,6.1073,14.504,2.61496,-0.128,0.21075,96.2996,96.3699
13560,53.8867,62.0617,70.2893,77.0784,98.7096,51.5455,16.899,17.1157,15.611,9.31224,6.2068,14.3763,2.57773,0.38625,-0.05425,96.2996,96.3699
13500,53.5129,60.662,69.3849,75.8444,97.7071,50.8041,16.9217,17.0697,15.4902,9.36515,6.16488,14.5087,2.60498,0.2315,0.21725,96.2996,96.3699
13440,54.7668,63.1783,69.5304,76.0384,97.8642,52.1482,16.9051,17.0813,15.4932,9.34764,6.19122,14.3971,2.58108,-0.224,-0.0035,96.2996,96.3699
13380,54.9795,63.3743,69.9488,76.571,98.2955,52.2598,16.9318,17.1036,15.5354,9.27999,6.19536,14.5105,2.62359,-0.12475,0.24175,96.2513,96.4659
13320,54.1096,62.7411,68.941,75.1741,97.1626,51.9267,16.8824,17.0499,15.4261,9.29734,6.12035,14.3256,2.57775,-0.09275,-0.16925,96.2513,96.4659
13260,55.1828,62.9966,69.4066,75.8169,97.6724,52.0657,16.9086,17.0698,15.4679,9.42268,6.21751,14.4308,2.57721,-0.11025,0.1035,96.2513,96.4659
13200,54.3183,61.9725,69.7084,76.2235,98.0008,51.5175,16.9402,17.0841,15.5147,9.34196,6.20053,14.5929,2.63525,-0.1315,0.41825,96.2513,96.4659
13140,55.4877,61.8148,69.2436,75.6042,97.5053,51.4312,16.8841,17.0634,15.4631,9.45488,6.21398,14.2975,2.52817,0.159,-0.152,96.2513,96.4659
13080,54.7798,62.5334,69.2705,75.6389,97.5388,51.8123,16.916,17.0676,15.4623,9.25451,6.13522,14.4746,2.6186,-0.263,0.13825,96.0741,96.4879
13020,52.8626,61.6028,69.3455,75.7411,97.6171,51.3192,16.8809,17.071,15.5045,9.35896,6.16171,14.3023,2.57029,0.028,-0.21675,96.0741,96.4879
12960,54.7242,62.1534,69.8149,76.3741,98.1289,51.6175,16.925,17.0964,15.5456,9.28528,6.18994,14.4908,2.62365,-0.32825,0.1835,96.0741,96.4879
12900,55.1258,62.8206,69.3112,75.6537,97.5463,51.9805,16.8983,17.0693,15.4741,9.20376,6.12173,14.4004,2.60781,-0.2255,-0.0192018,96.0741,96.4879
12840,53.2501,64.227,69.6548,76.1113,97.9111,52.7305,16.9143,17.0812,15.4921,9.29631,6.21106,14.487,2.6219,0.0265,0.278088,96.0741,96.4879
12780,55.312,63.633,70.2703,76.9705,98.5912,52.4046,16.9543,17.1006,15.5702,9.27332,6.26498,14.7251,2.67303,-0.39975,0.773899,96.0597,96.4927
12720,55.9088,63.8947,69.731,76.3085,98.0751,52.5318,16.9082,17.0823,15.4899,9.45015,6.24201,14.4373,2.55256,0.2165,0.11475,96.0597,96.4927
12660,53.9295,62.6052,69.9867,76.6739,98.3858,51.8423,16.8898,17.1036,15.5661,9.40897,6.22635,14.3103,2.54312,0.27075,-0.171,96.0597,96.4927
12600,53.4622,63.492,68.955,75.2327,97.2353,52.3242,16.8807,17.059,15.4291,9.28182,6.10562,14.2795,2.5751,-0.14125,-0.28275,96.0597,96.4927
12540,53.3922,59.8663,69.859,76.4152,98.1705,50.3942,16.8608,17.0892,15.6127,9.2404,6.17155,14.253,2.5707,0.09725,-0.293973,96.0597,96.4927
12480,54.61,61.4113,69.4704,75.9261,97.7599,51.2091,16.8442,17.0562,15.512,9.5112,6.23508,14.2047,2.47853,0.45625,-0.3645,96.046,96.4844
12420,53.121,59.4632,69.515,76.0597,97.8858,50.1491,16.9099,17.0647,15.5408,9.3274,6.16205,14.5227,2.6081,-0.0695,0.21625,96.046,96.4844
12360,54.0918,63.8337,69.6406,76.2823,98.0731,52.4692,16.912,17.0805,15.4817,9.48201,6.19999,14.4573,2.56532,0.41321,0.1205,96.046,96.4844
12300,54.4227,61.0747,69.4251,75.9607,97.8172,51.0063,16.8762,17.0791,15.5185,9.40227,6.14796,14.2552,2.53897,0.266689,-0.3255,96.046,96.4844
12240,54.6608,61.2218,68.7135,74.9424,96.9968,51.1023,16.8836,17.0496,15.4137,9.38657,6.1242,14.2656,2.54549,0.0212863,-0.27825,96.046,96.4844
12180,51.9897,62.3211,69.2426,75.6086,97.5286,51.699,16.9031,17.0746,15.4834,9.15507,6.06134,14.4053,2.63729,-0.062,-0.0825,96.296,96.4341
12120,55.0358,61.746,69.7923,76.3284,98.0945,51.3998,16.9011,17.0929,15.5407,9.47778,6.25986,14.3574,2.55273,0.151,-0.0274994,96.296,96.4341
12060,53.6907,59.836,68.9193,75.1232,97.1195,50.3832,16.9014,17.0439,15.4485,9.39415,6.18614,14.4272,2.58319,-0.04475,0.148685,96.296,96.4341
12000,53.6945,60.2701,69.6765,76.189,97.977,50.605,16.9027,17.0752,15.5485,9.3434,6.18215,14.463,2.59095,0.128,0.12175,96.296,96.4341
11940,53.7698,63.3965,69.726,76.2995,98.0806,52.263,16.9187,17.0829,15.5108,9.2616,6.152,14.524,2.62013,0.03425,0.21775,96.296,96.4341
11880,54.707,62.7447,69.0259,75.3569,97.3266,51.911,16.9005,17.0502,15.4252,9.36372,6.15528,14.4205,2.57779,-0.09675,0.03975,96.3655,96.3044
11820,55.3212,64.0923,69.67,76.2488,98.0435,52.6255,16.9187,17.081,15.4822,9.36595,6.2108,14.4908,2.5817,-0.06525,0.20675,96.3655,96.3044
11760,54.7643,60.8872,69.5028,76.0229,97.8583,50.9149,16.8978,17.071,15.5085,9.42714,6.21208,14.395,2.54902,0.2,0.02425,96.3655,96.3044
11700,54.4777,62.1291,70.0872,76.8494,98.5255,51.5719,16.9011,17.1042,15.572,9.47047,6.24926,14.3764,2.5438,0.476812,-0.02075,96.3655,96.3044
11640,53.925,63.3475,70.2409,77.0469,98.6821,52.2299,16.9138,17.1161,15.6031,9.2205,6.1816,14.4523,2.61546,-0.32975,0.052,96.3655,96.3044
11580,53.5658,62.4481,69.7445,76.3156,98.0948,51.7619,16.9354,17.095,15.5363,9.2003,6.13956,14.5508,2.6578,-0.39975,0.2645,96.4589,96.6458
11520,53.7845,62.948,68.8292,75.0281,97.0459,52.0401,16.8811,17.0454,15.4168,9.22941,6.09208,14.3235,2.58071,-0.39075,-0.18775,96.4589,96.6458
11460,53.3253,61.3319,69.8337,76.3935,98.142,51.1776,16.9192,17.0924,15.5655,9.18234,6.13279,14.5141,2.64114,-0.2255,0.18,96.4589,96.6458
11400,53.6218,62.9264,69.8177,76.3648,98.1193,52.0299,16.862,17.0904,15.5624,9.34624,6.21069,14.2182,2.54102,-0.09275,-0.354289,96.4589,96.6458
11340,53.5719,63.1461,68.5073,74.57,96.6799,52.1443,16.9101,17.0244,15.3299,9.32092,6.12442,14.492,2.6067,0.403,0.302358,96.4589,96.6458
11280,53.4992,61.6609,69.4809,75.9477,97.7784,51.3418,16.914,17.0639,15.4997,9.30092,6.15304,14.541,2.61237,-0.093,0.252,96.0721,96.03
11220,52.9615,60.6035,70.2069,76.9671,98.6196,50.7699,16.8933,17.1093,15.6485,9.1962,6.16438,14.3852,2.60797,-0.28975,-0.08575,96.0721,96.03
11160,54.923,63.2073,70.1626,76.9133,98.5688,52.1552,16.9069,17.1033,15.575,9.29008,6.20167,14.4517,2.58586,0.04925,0.08875,96.0721,96.03
11100,55.0233,62.7051,69.5,76.0215,97.8597,51.8896,16.9055,17.0791,15.4873,9.32965,6.17439,14.4031,2.56929,-0.00975,0.0105,96.0721,96.03
11040,53.7313,62.5318,69.3054,75.7297,97.6291,51.8035,16.9302,17.0737,15.4609,9.29075,6.13517,14.5201,2.62902,-0.06725,0.2245,96.0721,96.03
10980,52.6657,63.2516,70.0789,76.7531,98.4413,52.1903,16.9123,17.1042,15.566,9.36416,6.20722,14.4519,2.60482,0.22575,0.1015,96.1754,96.0817
10920,54.4477,63.692,69.6009,76.1094,97.9231,52.4278,16.9386,17.0812,15.474,9.32116,6.17541,14.5803,2.62835,0.01,0.377,96.1754,96.0817
10860,54.5872,62.9536,69.079,75.3982,97.348,52.0344,16.9213,17.0548,15.4183,9.34124,6.1558,14.5032,2.59964,-0.185,0.23125,96.1754,96.0817
10800,55.8464,62.3753,68.9779,75.2669,97.2488,51.7229,16.9169,17.0517,15.4061,9.28936,6.12187,14.4829,2.59477,0.06375,0.17075,96.1754,96.0817
10740,54.4914,62.0235,70.0069,76.6738,98.3738,51.5373,16.9364,17.0994,15.5704,9.23796,6.1849,14.583,2.64139,-0.456,0.3545,96.1754,96.0817
10680,54.3691,62.279,69.3979,75.8349,97.7018,51.6743,16.8699,17.0709,15.5058,9.36164,6.17865,14.2576,2.54621,-0.1395,-0.3035,96.4011,96.5333
10620,55.4391,63.1743,68.7152,74.8911,96.95,52.1509,16.9125,17.0388,15.3603,9.32282,6.11633,14.4631,2.59319,0.06525,0.14225,96.4011,96.5333
10560,53.4465,62.7606,69.5348,76.0336,97.857,51.9276,16.911,17.0718,15.4992,9.28661,6.15463,14.4953,2.61118,-0.17,0.1635,96.4011,96.5333
10500,54.1261,62.6334,69.279,75.6991,97.5955,51.8553,16.8784,17.0631,15.4755,9.30759,6.14101,14.3197,2.56004,0.00225,-0.19375,96.4011,96.5333
10440,55.844,62.281,68.5931,74.7656,96.849,51.6651,16.9046,17.033,15.3564,9.3999,6.14589,14.4111,2.55973,-0.004,0.05925,96.4011,96.5333
10380,55.0806,62.525,70.6082,77.5413,99.0711,51.7957,16.9204,17.1303,15.6485,9.34684,6.25985,14.4777,2.59401,-0.05725,0.143,96.37,96.2785
10320,53.8642,61.3773,69.4722,75.955,97.8156,51.1926,16.8925,17.088,15.5174,9.34316,6.16503,14.291,2.56392,0.12725,-0.2225,96.37,96.2785
10260,53.3987,62.9638,69.7753,76.3146,98.0841,52.053,16.894,17.0928,15.5473,9.19966,6.13214,14.3782,2.60687,-0.13675,-0.10475,96.37,96.2785
10200,54.2935,61.5535,70.0248,76.6413,98.3513,51.3015,16.9573,17.103,15.5624,9.33434,6.24761,14.6606,2.66329,-0.089,0.609977,96.37,96.2785
10140,54.8784,62.7063,68.2596,74.2303,96.4081,51.9161,16.8726,17.0089,15.3226,9.36634,6.197,14.3195,2.54612,-0.061,0.0798681,96.37,96.2785
10080,54.4299,62.0142,69.5796,76.08,97.8906,51.5299,16.8658,17.0628,15.524,9.31107,6.18878,14.3372,2.54657,0.1415,-0.0518154,95.7927,96.287
10020,54.7195,62.8723,69.0515,75.4385,97.398,51.9659,16.8761,17.0463,15.4265,9.40267,6.15381,14.3281,2.5315,0.311,-0.1505,95.7927,96.287
9960,54.6512,63.116,70.1218,76.9439,98.6089,52.0864,16.865,17.1013,15.5861,9.51422,6.25361,14.2294,2.49948,0.400358,-0.33575,95.7927,96.287
9900,54.3275,62.4695,69.3844,75.9311,97.806,51.7439,16.902,17.0777,15.4825,9.44836,6.15569,14.3721,2.5674,0.242481,-0.074,95.7927,96.287
9840,54.2986,62.4226,69.2673,75.734,97.6439,51.7337,16.9158,17.0754,15.4644,9.36825,6.1384,14.4286,2.59364,0.0479924,0.032,95.7927,96.287
9780,53.2845,63.4899,69.7021,76.2699,98.068,52.3164,16.8927,17.0945,15.532,9.20518,6.12478,14.3397,2.59578,-0.12125,-0.179,96.1485,96.6046
9720,54.3533,64.4043,69.8128,76.3868,98.1545,52.8112,16.9107,17.0937,15.5116,9.2295,6.14926,14.4441,2.60178,0.02475,0.07275,96.1485,96.6046
9660,55.4927,63.724,70.1869,76.8931,98.556,52.4481,16.8686,17.1057,15.6104,9.23097,6.19972,14.2678,2.5627,-0.50525,-0.29675,96.1485,96.6046
9600,55.5568,62.8676,69.6387,76.1752,97.9821,51.9846,16.8865,17.0766,15.5064,9.52911,6.26532,14.3345,2.52653,0.156,-0.0815,96.1485,96.6046
9540,54.3278,62.382,68.8825,75.1602,97.1799,51.7164,16.874,17.0414,15.4244,9.31223,6.11705,14.3171,2.55868,-0.04025,-0.19425,96.1485,96.6046
9480,54.6055,62.2317,68.9433,75.288,97.2843,51.6254,16.8632,17.0427,15.438,9.34922,6.14815,14.2552,2.52204,-0.19525,-0.29175,96.1256,96.39
9420,55.8003,63.4483,69.5066,76.1004,97.9349,52.2643,16.9017,17.0704,15.4721,9.44304,6.21073,14.4219,2.54686,0.0699772,0.05975,96.1256,96.39
9360,54.0894,61.9202,69.7895,76.4874,98.2497,51.45,16.8738,17.089,15.5762,9.24348,6.14115,14.2996,2.56745,-0.299161,-0.2785,96.1256,96.39
9300,53.7363,62.8669,68.6336,74.899,96.98,51.9598,16.8955,17.0419,15.3655,9.38607,6.10404,14.3492,2.55658,0.30398,-0.12,96.1256,96.39
9240,53.4841,62.2668,70.606,77.573,99.1182,51.651,16.9397,17.1351,15.6549,9.32074,6.24461,14.5498,2.62931,-0.243,0.27975,96.1256,96.39
9180,54.782,63.291,69.694,76.2561,98.0667,52.2112,16.8754,17.0943,15.5463,9.18794,6.14158,14.2479,2.57666,-0.445,-0.35225,96.3696,96.2627
9120,54.3053,62.7381,70.344,77.1065,98.7301,51.9222,16.9067,17.1101,15.6236,9.19199,6.18326,14.4785,2.62778,-0.2845,0.114,96.3696,96.2627
9060,54.4013,63.0233,69.8383,76.4368,98.1857,52.0643,16.8561,17.0755,15.5405,9.43564,6.2252,14.2641,2.51547,0.521,-0.268,96.3696,96.2627
9000,54.2511,61.7811,69.4791,76.0269,97.8701,51.3796,16.9178,17.0604,15.4834,9.39055,6.1875,14.5598,2.59832,0.218,0.3235,96.3696,96.2627
8940,55.7568,61.9938,69.1104,75.5872,97.5223,51.4742,16.93,17.0483,15.4162,9.43328,6.18239,14.5813,2.59084,0.185415,0.387,96.3696,96.2627
8880,55.091,62.7693,69,75.4837,97.4416,51.8818,16.8979,17.0542,15.4218,9.4071,6.12763,14.385,2.55972,0.0432693,-0.062,96.2736,96.127
8820,55.2225,62.0705,68.8165,75.1798,97.2058,51.5295,16.9189,17.0641,15.3972,9.55948,6.1592,14.3664,2.56413,0.137773,-0.04525,96.2736,96.127
8760,55.388,62.5365,69.0013,75.3052,97.2897,51.8115,16.8933,17.0707,15.4328,9.25029,6.11488,14.2773,2.5702,-0.0675,-0.25925,96.2736,96.127
8700,53.9885,61.292,69.5213,75.934,97.771,51.1638,16.8664,17.0834,15.537,9.28062,6.15313,14.2094,2.55559,0.1175,-0.39725,96.2736,96.127
8640,53.9279,62.5884,69.3845,75.7515,97.6164,51.8582,16.945,17.0734,15.4374,9.4175,6.18303,14.5909,2.61943,0.6085,0.423,96.2736,96.127
8580,54.8818,63.3178,69.4302,75.8001,97.6646,52.2474,16.9437,17.0777,15.4572,9.29448,6.16494,14.5864,2.64962,-0.14075,0.39225,96.5014,96.5821
8520,53.0128,62.7671,69.71,76.1706,97.9541,51.9567,16.9189,17.0818,15.5229,9.26088,6.21101,14.5335,2.64621,0.0065,0.373914,96.5014,96.5821
8460,54.5465,61.8055,69.4101,75.7865,97.6465,51.4349,16.9145,17.0627,15.4807,9.24604,6.21726,14.5358,2.62284,0.1295,0.487204,96.5014,96.5821
8400,55.4884,61.8084,68.9795,75.2648,97.2349,51.4227,16.931,17.042,15.402,9.46935,6.19439,14.5844,2.59649,0.10175,0.41125,96.5014,96.5821
8340,54.1404,63.0924,69.3092,75.7499,97.6414,52.0976,16.9339,17.0655,15.4365,9.35678,6.14527,14.5757,2.61733,0.314086,0.34925,96.5014,96.5821
8280,54.1911,61.4678,68.3957,74.5042,96.6486,51.2305,16.9085,17.0267,15.3577,9.28031,6.06491,14.4484,2.6049,-0.280481,0.06725,96.1616,96.489
8220,54.5406,63.4275,70.045,76.7394,98.4356,52.2792,16.9103,17.1001,15.562,9.30923,6.19713,14.4614,2.60259,-0.0366696,0.10325,96.1616,96.489
8160,54.0435,61.0809,70.1822,76.9273,98.5887,51.0235,16.9029,17.1058,15.6359,9.18698,6.17069,14.4466,2.62536,-0.49825,0.035,96.1616,96.489
8100,53.0267,63.2754,69.1744,75.5721,97.4979,52.1912,16.8939,17.0565,15.4344,9.32801,6.11866,14.4102,2.57702,0.433497,-0.0225,96.1616,96.489
8040,54.2019,61.2517,70.0923,76.8304,98.5113,51.1089,16.9236,17.1016,15.5821,9.43583,6.24384,14.508,2.5933,0.208069,0.241,96.1616,96.489
7980,55.1085,60.6588,69.8565,76.5162,98.2467,50.7937,16.8899,17.0869,15.5806,9.33192,6.20329,14.3797,2.56337,-0.1385,-0.059,96.4766,96.4375
7920,54.3582,62.8353,69.3445,75.8213,97.712,51.9545,16.8971,17.0792,15.4673,9.35877,6.14819,14.3268,2.55985,0.334547,-0.1505,96.4766,96.4375
7860,54.7241,62.8222,69.3377,75.7707,97.6609,51.9603,16.8782,17.076,15.4883,9.27057,6.14445,14.2573,2.5538,-0.22775,-0.303,96.4766,96.4375
7800,53.5921,62.4235,69.6173,76.1149,97.9339,51.7536,16.8931,17.0866,15.5254,9.32489,6.17178,14.344,2.58357,0.00625,-0.12675,96.4766,96.4375
7740,54.3351,62.7679,69.4244,75.822,97.6807,51.9427,16.8798,17.0656,15.5054,9.08951,6.06889,14.386,2.61709,-0.21875,-0.121,96.4766,96.4375
7680,54.2671,63.1622,69.5881,76.1017,97.9098,52.1408,16.932,17.0729,15.4702,9.37347,6.18272,14.5887,2.61022,0.3585,0.3895,96.529,96.2027
7620,54.7247,63.0091,69.0368,75.3748,97.3409,52.0532,16.8999,17.0553,15.4327,9.27128,6.12768,14.4048,2.58974,-0.39475,-0.01375,96.529,96.2027
7560,53.5226,60.6378,69.4467,75.9252,97.7847,50.7905,16.9654,17.0765,15.4961,9.21659,6.11865,14.7212,2.69149,-0.24675,0.61525,96.529,96.2027
7500,52.9189,63.5251,69.3465,75.775,97.6593,52.3345,16.8765,17.0691,15.473,9.32643,6.13995,14.2957,2.56144,0.276,-0.24075,96.529,96.2027
7440,54.2597,63.1426,69.915,76.5485,98.2753,52.1303,16.8573,17.0943,15.559,9.3857,6.21568,14.186,2.50901,0.357,-0.42325,96.529,96.2027
7380,55.0237,64.0178,70.324,77.1185,98.7319,52.5968,16.9023,17.1151,15.5869,9.46123,6.29201,14.375,2.55069,0.05725,-0.0035,96.3858,96.1733
7320,53.937,63.4003,69.2325,75.6127,97.5225,52.2718,16.8852,17.0638,15.4562,9.28906,6.13344,14.3387,2.57108,-0.023,-0.15225,96.3858,96.1733
7260,55.5578,62.658,69.5574,76.0473,97.8736,51.8745,16.8877,17.0793,15.4991,9.3842,6.20654,14.3178,2.54424,0.14525,-0.13125,96.3858,96.1733
7200,55.2448,61.6538,69.7473,76.3255,98.089,51.3376,16.911,17.0856,15.5423,9.34809,6.2163,14.4502,2.58485,-0.34475,0.1195,96.3858,96.1733
7140,53.1993,61.4308,69.2687,75.6782,97.5775,51.2178,16.8909,17.0693,15.4909,9.27862,6.12057,14.3547,2.58392,0.026,-0.14225,96.3858,96.1733
7080,53.5484,62.8951,69.3059,75.7106,97.6065,52.0079,16.9175,17.0759,15.4541,9.4138,6.17541,14.4328,2.59037,0.266,0.07025,96.346,96.1367
7020,55.3333,62.9031,69.4405,75.8401,97.7048,52.0241,16.8993,17.0775,15.4791,9.33309,6.19634,14.3696,2.57477,0.096,-0.00562461,96.346,96.1367
6960,54.2814,61.0815,68.9126,75.1112,97.1138,51.0537,16.8906,17.0449,15.4395,9.27799,6.15856,14.3945,2.59151,-0.00425,0.101452,96.346,96.1367
6900,52.1567,62.675,69.9766,76.5827,98.3009,51.8951,16.888,17.0911,15.5693,9.34075,6.27838,14.3927,2.5885,0.38925,0.188373,96.346,96.1367
6840,54.0688,64.3416,68.5821,74.727,96.8204,52.7697,16.8625,17.0231,15.3576,9.39082,6.15007,14.2778,2.53804,-0.0415,-0.178292,96.346,96.1367
6780,53.7483,61.3583,69.6064,76.1798,97.9882,51.1659,16.8942,17.0695,15.5455,9.21205,6.12627,14.4641,2.60953,-0.362,0.05,96.3114,96.5945
6720,53.1681,62.1327,69.4767,76.0453,97.8948,51.5652,16.9183,17.0696,15.4865,9.41076,6.17072,14.5147,2.5947,0.209514,0.22275,96.3114,96.5945
6660,53.7303,62.6749,69.5614,76.1642,97.9852,51.8526,16.9173,17.0725,15.5039,9.23949,6.11832,14.5439,2.62747,-0.155387,0.225,96.3114,96.5945
6600,53.3051,62.8716,69.8482,76.5707,98.3087,51.9533,16.9089,17.0885,15.5375,9.39508,6.1785,14.4663,2.58734,0.207993,0.10475,96.3114,96.5945
6540,55.706,62.3406,70.4641,77.3966,98.9754,51.6737,16.9002,17.1251,15.6436,9.4072,6.2264,14.3744,2.5744,0.0417981,-0.07425,96.3114,96.5945
6480,53.323,62.1191,68.936,75.2618,97.2568,51.572,16.9179,17.0544,15.4339,9.15648,6.02461,14.5133,2.65479,-0.216289,0.12275,96.28,96.1929
6420,54.2099,63.0153,68.7197,74.9306,96.9931,52.06,16.927,17.0479,15.3478,9.45542,6.13989,14.4712,2.58365,0.585021,0.18525,96.28,96.1929
6360,52.9939,62.3852,69.8351,76.4168,98.1657,51.7315,16.899,17.0896,15.5627,9.12409,6.09859,14.4488,2.63297,-0.091,0.006,96.28,96.1929
6300,53.13,62.3029,69.571,76.0716,97.8882,51.687,16.8667,17.0764,15.5219,9.35256,6.16707,14.2578,2.53686,0.3525,-0.30775,96.28,96.1929
6240,53.9057,62.8337,69.7606,76.3341,98.1115,51.9656,16.9297,17.0896,15.5381,9.15963,6.12876,14.5637,2.66542,-0.499,0.2725,96.28,96.1929
6180,55.0036,63.4744,69.4295,75.8768,97.7324,52.3074,16.8836,17.0671,15.4775,9.37136,6.1939,14.3389,2.55019,-0.1015,-0.108,96.6086,96.3627
6120,54.2997,64.2872,70.2039,76.9551,98.5941,52.7362,16.8865,17.1015,15.5833,9.30243,6.21472,14.3752,2.57015,-0.11675,-0.07475,96.6086,96.3627
6060,53.7376,62.893,69.8496,76.4946,98.2392,51.9867,16.9552,17.0938,15.5165,9.30782,6.18008,14.6619,2.65264,0.00460391,0.52025,96.6086,96.3627
6000,54.5891,62.433,69.1135,75.4814,97.4279,51.7437,16.9003,17.0618,15.4575,9.22559,6.10848,14.4032,2.60534,-0.373,-0.04475,96.6086,96.3627
5940,54.3611,62.4549,69.839,76.4533,98.1951,51.765,16.8725,17.0924,15.5812,9.22863,6.17127,14.2755,2.56716,-0.586,-0.2945,96.6086,96.3627
5880,53.6755,63.4017,68.974,75.2589,97.2463,52.274,16.9393,17.0585,15.3975,9.23409,6.09164,14.5715,2.64707,-0.11575,0.31975,95.992,96.6901
5820,55.9796,61.7344,68.555,74.6538,96.7569,51.3901,16.8545,17.0353,15.3917,9.30529,6.10941,14.1602,2.51766,-0.0985,-0.47825,95.992,96.6901
5760,54.045,60.7014,68.9522,75.1928,97.1839,50.8392,16.9124,17.0486,15.4421,9.2616,6.10732,14.4841,2.61675,-0.166,0.151,95.992,96.6901
5700,54.0735,62.9711,68.5668,74.6704,96.7631,52.045,16.8811,17.0263,15.3675,9.23279,6.06946,14.361,2.5793,-0.13725,-0.10575,95.992,96.6901
5640,54.8592,62.3873,69.6408,76.1905,97.9879,51.722,16.8919,17.0781,15.5106,9.43668,6.22327,14.3669,2.54414,0.233,-0.0445,95.992,96.6901
5580,55.0943,61.8295,69.632,76.1837,97.9852,51.4234,16.9004,17.0796,15.5188,9.29883,6.16892,14.4171,2.57633,0.13575,0.022,96.435,95.9428
5520,53.9018,64.1445,69.7031,76.298,98.0733,52.6562,16.9114,17.0828,15.4841,9.44258,6.21989,14.4509,2.5643,0.384,0.12675,96.435,95.9428
5460,53.7992,63.6923,69.1193,75.494,97.4336,52.4171,16.9113,17.0617,15.4191,9.32342,6.13429,14.4372,2.58769,0.103,0.07125,96.435,95.9428
5400,54.5289,63.6563,69.6614,76.2305,98.0235,52.4032,16.9254,17.0928,15.4885,9.33988,6.18203,14.4667,2.59327,0.133,0.1385,96.435,95.9428
5340,54.3975,61.0471,68.8415,75.0547,97.076,51.024,16.8903,17.0528,15.431,9.36102,6.14187,14.3088,2.56175,-0.14,-0.174,96.435,95.9428
5280,53.8602,61.5543,70.0106,76.6026,98.3132,51.3037,16.9021,17.1047,15.5912,9.22411,6.18844,14.3935,2.60847,-0.076,0.00612486,96.0505,96.5513
5220,54.1426,62.7541,71.0426,78.0179,99.4433,51.9423,16.8959,17.1465,15.721,9.31757,6.29749,14.3779,2.58243,-0.04775,-0.0123339,96.0505,96.5513
5160,54.6031,63.0728,68.6218,74.7186,96.7976,52.1104,16.8745,17.0289,15.3782,9.31457,6.14479,14.3147,2.56068,-0.25175,-0.0806864,96.0505,96.5513
5100,53.4768,62.8064,70.0466,76.7002,98.3999,51.9561,16.8932,17.0957,15.5687,9.43779,6.24001,14.3842,2.56839,0.3145,-0.01325,96.0505,96.5513
5040,53.4908,61.6987,70.0497,76.7326,98.4168,51.3558,16.8969,17.0873,15.5763,9.40226,6.22756,14.4513,2.57073,0.3305,0.11275,96.0505,96.5513
4980,54.7635,62.779,69.4913,76.0338,97.8624,51.916,16.8294,17.0632,15.5232,9.36497,6.18504,14.1241,2.48503,0.000750005,-0.5875,96.2604,95.9699
4920,54.3129,63.6877,69.2087,75.6892,97.6052,52.3893,16.9101,17.0631,15.444,9.38913,6.1481,14.448,2.59338,-0.264125,0.076,96.2604,95.9699
4860,54.2362,62.8148,69.1544,75.5818,97.512,51.9359,16.9135,17.0637,15.4594,9.24886,6.10488,14.4668,2.62377,-0.567728,0.08125,96.2604,95.9699
4800,55.2031,62.2423,68.5936,74.7877,96.8796,51.6435,16.9589,17.047,15.3456,9.26182,6.0783,14.6227,2.65167,-0.132273,0.44625,96.2604,95.9699
4740,53.4575,61.8028,69.8311,76.421,98.1736,51.4237,16.8929,17.0986,15.5572,9.37374,6.20092,14.3192,2.56022,0.24025,-0.1575,96.2604,95.9699
4680,53.2704,61.0777,68.9303,75.1362,97.1402,51.0431,16.8947,17.0534,15.4442,9.25808,6.13249,14.3707,2.60288,0.04175,-0.00105318,96.423,96.215
4620,55.7491,62.7918,68.9011,75.1154,97.1087,51.9556,16.9147,17.0418,15.3891,9.42681,6.18656,14.482,2.57859,-0.092,0.238644,96.423,96.215
4560,54.2578,62.4775,70.2023,76.9225,98.5666,51.7805,16.8822,17.1062,15.5984,9.42162,6.25136,14.308,2.53842,0.2895,-0.164,96.423,96.215
4500,55.9634,61.5918,70.4021,77.2028,98.8026,51.3051,16.9031,17.1199,15.6296,9.384,6.27128,14.3759,2.5567,0.0295,-0.00225,96.423,96.215
4440,53.0091,63.1318,69.9938,76.6304,98.3305,52.13,16.923,17.0931,15.5619,9.2334,6.1632,14.5613,2.64641,-0.23725,0.28275,96.423,96.215
4380,53.5326,62.092,69.279,75.6705,97.5605,51.5697,16.8867,17.0585,15.4939,9.20926,6.10901,14.4018,2.60385,-0.411,-0.05875,96.1507,96.2927
4320,54.4842,63.7338,68.5045,74.6591,96.7707,52.4377,16.9194,17.036,15.3173,9.342,6.09497,14.4599,2.58588,0.23175,0.126,96.1507,96.2927
4260,55.3003,62.665,70.1074,76.8184,98.4954,51.877,16.8956,17.1102,15.5679,9.52614,6.29674,14.2988,2.51705,0.32375,-0.1215,96.1507,96.2927
4200,53.434,61.482,69.5129,75.9711,97.8057,51.2534,16.9183,17.0766,15.5083,9.37465,6.18606,14.4853,2.60781,-0.061,0.178,96.1507,96.2927
4140,53.9657,62.2657,69.5511,76.0156,97.8415,51.6722,16.8975,17.0768,15.5188,9.33132,6.18847,14.3923,2.58525,-0.393,-0.01025,96.1507,96.2927
4080,53.3585,64.894,69.0628,75.3416,97.3011,53.0724,16.881,17.0508,15.4166,9.23124,6.09226,14.3578,2.59045,-0.00825,-0.12925,96.2496,96.725
4020,54.4469,61.8146,68.8827,75.1421,97.1403,51.4213,16.8852,17.0409,15.4253,9.34536,6.13731,14.3646,2.55984,-0.139,-0.07875,96.2496,96.725
3960,53.3903,62.5712,69.4898,75.9996,97.8456,51.8211,16.8983,17.0794,15.4949,9.31204,6.14193,14.3807,2.57905,0.3325,-0.0695,96.2496,96.725
3900,54.5178,63.0711,69.2892,75.7008,97.6105,52.0894,16.8945,17.072,15.4679,9.25641,6.127,14.3541,2.58493,-0.086,-0.11775,96.2496,96.725
3840,54.6931,61.8242,68.4407,74.522,96.6494,51.4287,16.8716,17.0235,15.378,9.17359,6.03994,14.3108,2.57681,-0.34325,-0.239,96.2496,96.725
3780,52.8635,64.796,69.6832,76.2436,98.0353,53.0097,16.9043,17.0831,15.4921,9.31939,6.15947,14.4389,2.5973,0.21475,0.04825,96.1185,96.4941
3720,53.8861,64.5823,68.1748,74.1771,96.3792,52.8958,16.8817,17.0129,15.294,9.23206,6.03916,14.3404,2.57614,-0.237,-0.1535,96.1185,96.4941
3660,52.4003,62.901,69.2568,75.6718,97.5775,51.9958,16.8927,17.0642,15.4591,9.33367,6.1265,14.3813,2.58049,0.40825,-0.07475,96.1185,96.4941
3600,54.5328,60.9186,69.4836,75.9826,97.8278,50.9356,16.9093,17.0757,15.5051,9.44233,6.21355,14.4213,2.5686,0.16325,0.07975,96.1185,96.4941
3540,54.8208,60.989,70.0081,76.7076,98.4051,50.9731,16.8745,17.1005,15.5908,9.44055,6.24617,14.2456,2.51138,0.3565,-0.28125,96.1185,96.4941
3480,53.8302,62.3504,69.5855,76.1183,97.932,51.7044,16.8765,17.0841,15.5434,9.15829,6.10796,14.2954,2.58641,-0.373,-0.29075,96.2229,96.3333
3420,54.6798,62.7652,69.7289,76.2898,98.0658,51.9322,16.9002,17.091,15.5294,9.36267,6.20752,14.3654,2.56959,-0.15,-0.057,96.2229,96.3333
3360,54.1171,62.1694,69.3561,75.7489,97.6244,51.6224,16.8641,17.0715,15.4986,9.39014,6.18838,14.2051,2.5247,-0.035,-0.3835,96.2229,96.3333
3300,55.571,62.5089,69.9592,76.5534,98.2585,51.8085,16.9135,17.0929,15.5422,9.39437,6.23425,14.4719,2.57918,0.22125,0.178,96.2229,96.3333
3240,54.9739,63.3192,69.9438,76.5491,98.2634,52.2356,16.9048,17.0935,15.5587,9.29347,6.21273,14.4377,2.59826,-0.546,0.0755,96.2229,96.3333
3180,54.048,61.3698,69.039,75.3263,97.2971,51.1911,16.9027,17.0568,15.4443,9.32043,6.13343,14.401,2.58427,0.02075,0.0075,96.2189,96.4062
3120,56.2118,62.7873,69.0568,75.3523,97.3166,51.9458,16.8718,17.0545,15.4271,9.42836,6.18359,14.2477,2.51701,0.2835,-0.2695,96.2189,96.4062
3060,53.6771,62.5307,69.4858,75.9532,97.7971,51.8069,16.8805,17.0728,15.5121,9.26651,6.14167,14.3347,2.57513,-0.14,-0.1715,96.2189,96.4062
3000,53.7981,61.6735,70.1651,76.8772,98.5361,51.3484,16.8534,17.1022,15.6359,9.25818,6.18797,14.2114,2.544,-0.0875,-0.4235,96.2189,96.4062
2940,54.1411,61.9279,70.3199,77.1189,98.7281,51.4767,16.8971,17.1075,15.607,9.43352,6.25379,14.4053,2.55176,0.529,0.0225,96.2189,96.4062
2880,54.2939,62.4734,69.5494,76.0843,97.9071,51.7693,16.879,17.0792,15.5196,9.28676,6.15938,14.3001,2.55323,-0.137,-0.23225,95.9028,96.2706
2820,53.902,62.7237,69.6524,76.1992,98.0058,51.9052,16.8942,17.0864,15.5069,9.3632,6.17241,14.3524,2.56184,0.5715,-0.1015,95.9028,96.2706
2760,53.6388,61.7139,69.1262,75.4673,97.402,51.3732,16.8991,17.0541,15.445,9.37542,6.1536,14.4165,2.56831,0.242,0.03725,95.9028,96.2706
2700,53.084,63.1733,70.2004,76.937,98.5872,52.1477,16.9258,17.1061,15.5903,9.22198,6.17167,14.5605,2.64984,-0.1915,0.27125,95.9028,96.2706
2640,55.4235,61.3704,69.9032,76.5403,98.2778,51.181,16.9019,17.0945,15.5443,9.5021,6.26364,14.3728,2.53604,0.6185,0.012,95.9028,96.2706
2580,54.7634,62.5862,68.8137,75.0575,97.077,51.8304,16.8848,17.037,15.3946,9.35765,6.13228,14.3635,2.55317,0.13925,-0.07625,95.9239,96.0879
2520,53.9022,60.8988,69.7006,76.2887,98.0792,50.9204,16.8902,17.0848,15.5565,9.31846,6.17333,14.358,2.57679,0.07075,-0.1025,95.9239,96.0879
2460,53.299,60.734,69.9577,76.6478,98.3508,50.8326,16.8886,17.0917,15.596,9.33826,6.19527,14.3814,2.57475,0.083,-0.07375,95.9239,96.0879
2400,54.9458,63.0886,69.9462,76.6521,98.3647,52.0848,16.9144,17.1009,15.5348,9.45383,6.24891,14.421,2.56135,0.29275,0.07775,95.9239,96.0879
2340,55.3924,62.4822,70.4616,77.3298,98.9059,51.7709,16.9164,17.1306,15.6231,9.34359,6.24918,14.4086,2.57546,0.129,0.034,95.9239,96.0879
2280,53.3211,63.1299,69.2497,75.6277,97.5334,52.1335,16.8849,17.0747,15.4526,9.40801,6.15839,14.2684,2.5449,0.5455,-0.26925,96.1964,96.152
2220,53.3823,62.2645,68.7918,74.9347,96.9706,51.6861,16.8406,17.0514,15.443,9.26692,6.09664,14.0838,2.53135,-0.23075,-0.6695,96.1964,96.152
2160,53.5214,61.9014,68.7981,74.9156,96.9466,51.4952,16.8648,17.0427,15.4124,9.46628,6.16889,14.2149,2.52612,0.28225,-0.3275,96.1964,96.152
2100,54.3498,62.1555,68.6541,74.7327,96.7893,51.6261,16.9102,17.0263,15.3665,9.34696,6.11935,14.5076,2.60405,0.017,0.22975,96.1964,96.152
2040,54.4772,63.862,68.7752,74.9496,96.9731,52.5223,16.9136,17.0327,15.3615,9.38023,6.14831,14.5105,2.59603,-0.1495,0.24525,96.1964,96.152
1980,53.8425,63.4768,68.8021,75.029,97.049,52.309,16.8808,17.0399,15.3849,9.42039,6.15216,14.3165,2.53991,0.126,-0.15425,95.9715,96.4517
1920,54.5547,63.0315,70.2615,77.0149,98.6416,52.07,16.8351,17.1083,15.6423,9.32998,6.23873,14.0958,2.5057,-0.32425,-0.62925,95.9715,96.4517
1860,54.6125,61.95,70.4564,77.2912,98.8617,51.495,16.9076,17.1199,15.6474,9.2604,6.22143,14.441,2.59944,-0.28225,0.06425,95.9715,96.4517
1800,53.5501,62.804,69.6686,76.2065,97.9955,51.9542,16.9547,17.0878,15.4867,9.35217,6.18025,14.6386,2.64489,0.209,0.49625,95.9715,96.4517
1740,52.9138,62.114,69.8635,76.4511,98.1988,51.5905,16.9419,17.1023,15.5471,9.173,6.12258,14.5754,2.66627,-0.06325,0.316,95.9715,96.4517
1680,54.2403,63.2184,69.3272,75.6893,97.5788,52.1882,16.9271,17.0742,15.4321,9.41966,6.187,14.4761,2.58671,0.42625,0.21025,96.4231,96.4181
1620,53.8382,60.1179,68.8146,74.9626,96.987,50.5389,16.9125,17.0432,15.4247,9.32361,6.11952,14.4689,2.60783,-0.026,0.151,96.4231,96.4181
1560,54.8871,63.9435,69.6797,76.1656,97.9581,52.573,16.9292,17.0826,15.4824,9.36348,6.20015,14.5417,2.61642,0.075,0.3095,96.4231,96.4181
1500,53.4216,62.0722,69.2474,75.5753,97.4725,51.5731,16.8828,17.0514,15.4852,9.28983,6.14087,14.4025,2.59356,-0.32525,-0.03,96.4231,96.4181
1440,53.8241,61.6122,69.7252,76.2757,98.0449,51.3143,16.8963,17.0761,15.5397,9.35068,6.19035,14.4408,2.5839,0.10375,0.06825,96.4231,96.4181
1380,53.2675,61.4077,69.3133,75.7613,97.6428,51.1958,16.9162,17.0632,15.4677,9.34512,6.14657,14.5026,2.59169,0.33525,0.198,96.2451,96.4328
1320,53.8568,63.0106,69.4983,76.0295,97.8725,52.0479,16.8964,17.0831,15.4949,9.34705,6.16934,14.3425,2.56758,0.07625,-0.12575,96.2451,96.4328
1260,55.4001,62.8793,69.869,76.5042,98.2456,51.985,16.9245,17.0988,15.5305,9.36226,6.21036,14.4804,2.59931,0.08175,0.16875,96.2451,96.4328
1200,55.9454,62.8441,69.4602,75.9186,97.7737,51.9747,16.9428,17.0808,15.4443,9.49337,6.2318,14.5387,2.58963,0.47075,0.35025,96.2451,96.4328
1140,54.476,61.2991,68.1473,74.0962,96.3058,51.1562,16.8955,17.015,15.3047,9.42494,6.10807,14.3524,2.55018,0.35175,-0.04725,96.2451,96.4328
1080,53.7118,61.3169,69.3198,75.7108,97.5846,51.1652,16.8963,17.0609,15.4837,9.40286,6.18122,14.4136,2.56922,0.1085,0.03125,95.9236,96.5424
1020,54.2349,60.9423,69.8868,76.4916,98.2248,50.9606,16.8832,17.0949,15.5859,9.34452,6.20862,14.3057,2.55642,-0.0825,-0.18475,95.9236,96.5424
960,53.7104,60.6883,70.3144,77.0726,98.6907,50.8253,16.8991,17.1162,15.6552,9.19994,6.17855,14.3997,2.61096,-0.25175,-0.0445,95.9236,96.5424
900,54.5049,62.4699,69.5755,76.0698,97.8784,51.7783,16.9196,17.0784,15.4867,9.38492,6.19295,14.4896,2.58547,0.247,0.2005,95.9236,96.5424
840,53.6254,63.0243,68.8152,75.0235,97.049,52.0782,16.8583,17.0511,15.4273,9.21016,6.07279,14.1881,2.55427,-0.25825,-0.48775,95.9236,96.5424
780,54.9409,63.372,69.3305,75.7017,97.5924,52.2704,16.9291,17.0755,15.4496,9.392,6.1983,14.484,2.60438,-0.245,0.2125,96.0927,96.4369
720,54.0068,63.076,69.1678,75.4379,97.3674,52.1194,16.8755,17.0571,15.4638,9.19855,6.13586,14.3294,2.59176,-0.1845,-0.0912476,96.0927,96.4369
660,54.1992,61.4949,68.3909,74.4095,96.5414,51.2702,16.8859,17.0164,15.3448,9.43693,6.13124,14.3653,2.54512,0.206,-0.04025,96.0927,96.4369
600,54.4512,62.5849,69.7205,76.2738,98.0552,51.8405,16.8835,17.084,15.5201,9.43553,6.21471,14.3189,2.53271,0.507,-0.15,96.0927,96.4369
540,54.2296,62.481,68.6256,74.7751,96.8661,51.7802,16.893,17.0356,15.3777,9.34232,6.11511,14.3683,2.57631,-0.0885,-0.0625,96.0927,96.4369
480,53.7913,62.0229,69.0714,75.4058,97.356,51.5331,16.9145,17.0451,15.4254,9.36516,6.14451,14.5314,2.5929,0.18425,0.26125,95.9475,96.1891
420,53.0664,63.1928,70.369,77.2208,98.8283,52.1477,16.8914,17.1139,15.6299,9.27107,6.20473,14.3817,2.58241,-0.1815,-0.08175,95.9475,96.1891
360,54.291,60.9966,68.5402,74.728,96.8387,50.9755,16.892,17.0322,15.3857,9.31531,6.09013,14.3678,2.5709,-0.00875,-0.09075,95.9475,96.1891
300,54.0283,61.2158,69.6514,76.2335,98.0471,51.091,16.9221,17.0809,15.5443,9.15438,6.11543,14.5465,2.64932,-0.4465,0.23525,95.9475,96.1891
240,54.4455,63.452,69.7017,76.303,98.0944,52.2778,16.8709,17.076,15.5291,9.28119,6.16915,14.3188,2.55765,-0.11625,-0.19775,95.9475,96.1891
180,53.7989,63.0633,69.9481,76.6915,98.3992,52.0605,16.8877,17.0837,15.5503,9.43893,6.23917,14.3956,2.54556,0.2105,-0.0045,96.2249,96.6024
120,54.4361,62.236,68.7994,75.1526,97.1819,51.6075,16.9092,17.0428,15.3986,9.25007,6.06194,14.4732,2.60817,0.0256585,0.08975,96.2249,96.6024
60,53.8949,62.2363,69.8803,76.6238,98.3511,51.6103,16.9069,17.0953,15.5668,9.26975,6.14295,14.4456,2.6098,-0.157192,0.0265,96.2249,96.6024
0,54.5447,63.4317,70.2783,77.1419,98.7612,52.2637,16.89,17.1231,15.6243,9.29383,6.19496,14.3029,2.57557,-0.44713,-0.248,96.2249,96.6024
